z_daughter,a_daughter,element_daughter,z_parent,a_parent,element_parent,daughter_level_idx,independent_thermal_fy,unc_it,independent_fast_fy,unc_if,independent_14mev_fy,unc_i14,independent_spontaneous_fy,unc_isf,Extraction_date
23,66,V,96,244,Cm,0,,,,,,,1.37782e-17,8.81805e-18,2026-02-19
23,67,V,96,244,Cm,0,,,,,,,6.56914e-19,4.20425e-19,2026-02-19
24,66,Cr,96,244,Cm,0,,,,,,,7.33989e-13,4.69753e-13,2026-02-19
24,67,Cr,96,244,Cm,0,,,,,,,2.58994e-14,1.65756e-14,2026-02-19
24,68,Cr,96,244,Cm,0,,,,,,,0,0,2026-02-19
24,69,Cr,96,244,Cm,0,,,,,,,2.47981e-17,1.58708e-17,2026-02-19
24,70,Cr,96,244,Cm,0,,,,,,,0,0,2026-02-19
25,66,Mn,96,244,Cm,0,,,,,,,6.74002e-10,4.31361e-10,2026-02-19
25,67,Mn,96,244,Cm,0,,,,,,,9.96003e-11,6.37442e-11,2026-02-19
25,68,Mn,96,244,Cm,0,,,,,,,7.17002e-12,4.58881e-12,2026-02-19
25,69,Mn,96,244,Cm,0,,,,,,,4.52977e-13,2.89905e-13,2026-02-19
25,70,Mn,96,244,Cm,0,,,,,,,1.60001e-14,1.024e-14,2026-02-19
25,71,Mn,96,244,Cm,0,,,,,,,0,0,2026-02-19
25,72,Mn,96,244,Cm,0,,,,,,,1.32338e-17,8.46965e-18,2026-02-19
26,66,Fe,96,244,Cm,0,,,,,,,7.53002e-08,4.81922e-08,2026-02-19
26,67,Fe,96,244,Cm,0,,,,,,,2.90001e-08,1.85601e-08,2026-02-19
26,68,Fe,96,244,Cm,0,,,,,,,8.22003e-09,5.26082e-09,2026-02-19
26,69,Fe,96,244,Cm,0,,,,,,,1.38e-09,8.83203e-10,2026-02-19
26,70,Fe,96,244,Cm,0,,,,,,,2.00001e-10,1.28e-10,2026-02-19
26,71,Fe,96,244,Cm,0,,,,,,,1.32e-11,8.44803e-12,2026-02-19
26,72,Fe,96,244,Cm,0,,,,,,,7.04989e-13,4.51193e-13,2026-02-19
26,73,Fe,96,244,Cm,0,,,,,,,1.78001e-14,1.1392e-14,2026-02-19
26,74,Fe,96,244,Cm,0,,,,,,,0,0,2026-02-19
26,76,Fe,96,244,Cm,0,,,,,,,0,0,2026-02-19
27,66,Co,96,244,Cm,0,,,,,,,2.07001e-07,1.3248e-07,2026-02-19
27,67,Co,96,244,Cm,0,,,,,,,2.77001e-07,1.77281e-07,2026-02-19
27,68,Co,96,244,Cm,0,,,,,,,1.85001e-07,1.184e-07,2026-02-19
27,69,Co,96,244,Cm,0,,,,,,,1.16e-07,7.42402e-08,2026-02-19
27,70,Co,96,244,Cm,0,,,,,,,4.28001e-08,2.73921e-08,2026-02-19
27,71,Co,96,244,Cm,0,,,,,,,1.16e-08,7.42402e-09,2026-02-19
27,72,Co,96,244,Cm,0,,,,,,,1.66001e-09,1.0624e-09,2026-02-19
27,73,Co,96,244,Cm,0,,,,,,,1.72001e-10,1.1008e-10,2026-02-19
27,74,Co,96,244,Cm,0,,,,,,,8.90003e-12,5.69602e-12,2026-02-19
27,75,Co,96,244,Cm,0,,,,,,,4.22001e-13,2.70081e-13,2026-02-19
27,76,Co,96,244,Cm,0,,,,,,,0,0,2026-02-19
27,77,Co,96,244,Cm,0,,,,,,,2.56171e-16,1.63949e-16,2026-02-19
28,66,Ni,96,244,Cm,0,,,,,,,1.14e-07,7.29602e-08,2026-02-19
28,67,Ni,96,244,Cm,0,,,,,,,3.34001e-07,2.13761e-07,2026-02-19
28,68,Ni,96,244,Cm,0,,,,,,,7.16002e-07,4.58241e-07,2026-02-19
28,69,Ni,96,244,Cm,0,,,,,,,9.78003e-07,6.25922e-07,2026-02-19
28,70,Ni,96,244,Cm,0,,,,,,,1.25e-06,8.00003e-07,2026-02-19
28,71,Ni,96,244,Cm,0,,,,,,,8.35003e-07,5.34402e-07,2026-02-19
28,72,Ni,96,244,Cm,0,,,,,,,4.53001e-07,2.89921e-07,2026-02-19
28,73,Ni,96,244,Cm,0,,,,,,,1.21e-07,7.74402e-08,2026-02-19
28,74,Ni,96,244,Cm,0,,,,,,,2.51001e-08,1.60641e-08,2026-02-19
28,75,Ni,96,244,Cm,0,,,,,,,3.32001e-09,2.12481e-09,2026-02-19
28,76,Ni,96,244,Cm,0,,,,,,,3.17001e-10,2.02881e-10,2026-02-19
28,77,Ni,96,244,Cm,0,,,,,,,1.00998e-11,6.46386e-12,2026-02-19
28,78,Ni,96,244,Cm,0,,,,,,,3.68001e-13,2.35521e-13,2026-02-19
28,79,Ni,96,244,Cm,0,,,,,,,9.14189e-15,5.85081e-15,2026-02-19
28,80,Ni,96,244,Cm,0,,,,,,,0,0,2026-02-19
28,82,Ni,96,244,Cm,0,,,,,,,0,0,2026-02-19
29,66,Cu,96,244,Cm,0,,,,,,,1.63001e-09,1.0432e-09,2026-02-19
29,67,Cu,96,244,Cm,0,,,,,,,1.76001e-08,1.1264e-08,2026-02-19
29,68,Cu,96,244,Cm,0,,,,,,,2.56001e-08,1.63841e-08,2026-02-19
29,68,Cu,96,244,Cm,1,,,,,,,5.97002e-08,3.82081e-08,2026-02-19
29,69,Cu,96,244,Cm,0,,,,,,,3.81001e-07,2.43841e-07,2026-02-19
29,70,Cu,96,244,Cm,0,,,,,,,2.58001e-07,1.65121e-07,2026-02-19
29,70,Cu,96,244,Cm,1,,,,,,,7.74002e-07,4.95362e-07,2026-02-19
29,71,Cu,96,244,Cm,0,,,,,,,2.29001e-06,1.4656e-06,2026-02-19
29,72,Cu,96,244,Cm,0,,,,,,,2.75001e-06,1.76001e-06,2026-02-19
29,73,Cu,96,244,Cm,0,,,,,,,2.59001e-06,1.65761e-06,2026-02-19
29,74,Cu,96,244,Cm,0,,,,,,,1.31e-06,8.38403e-07,2026-02-19
29,75,Cu,96,244,Cm,0,,,,,,,6.86002e-07,4.39041e-07,2026-02-19
29,76,Cu,96,244,Cm,0,,,,,,,1.71001e-07,1.0944e-07,2026-02-19
29,77,Cu,96,244,Cm,0,,,,,,,2.28001e-08,1.4592e-08,2026-02-19
29,78,Cu,96,244,Cm,0,,,,,,,2.39001e-09,1.5296e-09,2026-02-19
29,79,Cu,96,244,Cm,0,,,,,,,1.66991e-10,1.06874e-10,2026-02-19
29,80,Cu,96,244,Cm,0,,,,,,,4.33001e-12,2.77121e-12,2026-02-19
29,81,Cu,96,244,Cm,0,,,,,,,8.53003e-14,5.45922e-14,2026-02-19
29,82,Cu,96,244,Cm,0,,,,,,,0,0,2026-02-19
30,66,Zn,96,244,Cm,0,,,,,,,2.93001e-12,1.87521e-12,2026-02-19
30,67,Zn,96,244,Cm,0,,,,,,,8.52003e-11,5.45282e-11,2026-02-19
30,68,Zn,96,244,Cm,0,,,,,,,1.59001e-09,1.0176e-09,2026-02-19
30,69,Zn,96,244,Cm,0,,,,,,,3.30001e-09,2.11201e-09,2026-02-19
30,69,Zn,96,244,Cm,1,,,,,,,1.4e-08,8.96003e-09,2026-02-19
30,70,Zn,96,244,Cm,0,,,,,,,1.65001e-07,1.056e-07,2026-02-19
30,71,Zn,96,244,Cm,0,,,,,,,1.59001e-07,1.0176e-07,2026-02-19
30,71,Zn,96,244,Cm,1,,,,,,,6.77002e-07,4.33281e-07,2026-02-19
30,72,Zn,96,244,Cm,0,,,,,,,3.25001e-06,2.08001e-06,2026-02-19
30,73,Zn,96,244,Cm,0,,,,,,,6.50002e-06,4.16001e-06,2026-02-19
30,74,Zn,96,244,Cm,0,,,,,,,1.076e-05,6.88642e-06,2026-02-19
30,75,Zn,96,244,Cm,0,,,,,,,1.303e-05,8.33923e-06,2026-02-19
30,76,Zn,96,244,Cm,0,,,,,,,1.167e-05,7.46882e-06,2026-02-19
30,77,Zn,96,244,Cm,0,,,,,,,3.98001e-06,2.54721e-06,2026-02-19
30,78,Zn,96,244,Cm,0,,,,,,,1.72001e-06,1.1008e-06,2026-02-19
30,79,Zn,96,244,Cm,0,,,,,,,3.39001e-07,2.16961e-07,2026-02-19
30,80,Zn,96,244,Cm,0,,,,,,,4.06001e-08,2.59841e-08,2026-02-19
30,81,Zn,96,244,Cm,0,,,,,,,2.47001e-09,1.58081e-09,2026-02-19
30,82,Zn,96,244,Cm,0,,,,,,,1.02e-10,6.52802e-11,2026-02-19
30,83,Zn,96,244,Cm,0,,,,,,,2.30001e-12,1.472e-12,2026-02-19
30,84,Zn,96,244,Cm,0,,,,,,,2.24001e-14,1.4336e-14,2026-02-19
30,86,Zn,96,244,Cm,0,,,,,,,0,0,2026-02-19
31,66,Ga,96,244,Cm,0,,,,,,,0,0,2026-02-19
31,67,Ga,96,244,Cm,0,,,,,,,1.09e-14,6.97602e-15,2026-02-19
31,68,Ga,96,244,Cm,0,,,,,,,5.45002e-13,3.48801e-13,2026-02-19
31,69,Ga,96,244,Cm,0,,,,,,,2.39001e-11,1.5296e-11,2026-02-19
31,70,Ga,96,244,Cm,0,,,,,,,5.90002e-10,3.77601e-10,2026-02-19
31,71,Ga,96,244,Cm,0,,,,,,,1.16e-08,7.42402e-09,2026-02-19
31,72,Ga,96,244,Cm,0,,,,,,,5.45002e-08,3.48801e-08,2026-02-19
31,72,Ga,96,244,Cm,1,,,,,,,5.45002e-08,3.48801e-08,2026-02-19
31,73,Ga,96,244,Cm,0,,,,,,,7.51002e-07,4.80642e-07,2026-02-19
31,74,Ga,96,244,Cm,0,,,,,,,1.36e-06,8.70403e-07,2026-02-19
31,74,Ga,96,244,Cm,1,,,,,,,1.36e-06,8.70403e-07,2026-02-19
31,75,Ga,96,244,Cm,0,,,,,,,1.083e-05,6.93122e-06,2026-02-19
31,76,Ga,96,244,Cm,0,,,,,,,2.06401e-05,1.32096e-05,2026-02-19
31,77,Ga,96,244,Cm,0,,,,,,,2.40101e-05,1.53664e-05,2026-02-19
31,78,Ga,96,244,Cm,0,,,,,,,2.53501e-05,1.62241e-05,2026-02-19
31,79,Ga,96,244,Cm,0,,,,,,,1.93501e-05,1.2384e-05,2026-02-19
31,80,Ga,96,244,Cm,0,,,,,,,6.62002e-06,4.23681e-06,2026-02-19
31,81,Ga,96,244,Cm,0,,,,,,,1.80001e-06,1.152e-06,2026-02-19
31,82,Ga,96,244,Cm,0,,,,,,,2.19001e-07,1.4016e-07,2026-02-19
31,83,Ga,96,244,Cm,0,,,,,,,2.16001e-08,1.3824e-08,2026-02-19
31,84,Ga,96,244,Cm,0,,,,,,,6.13002e-10,3.92321e-10,2026-02-19
31,85,Ga,96,244,Cm,0,,,,,,,3.32001e-11,2.12481e-11,2026-02-19
31,86,Ga,96,244,Cm,0,,,,,,,3.82001e-13,2.44481e-13,2026-02-19
31,87,Ga,96,244,Cm,0,,,,,,,1.64355e-14,1.05187e-14,2026-02-19
32,66,Ge,96,244,Cm,0,,,,,,,0,0,2026-02-19
32,67,Ge,96,244,Cm,0,,,,,,,0,0,2026-02-19
32,68,Ge,96,244,Cm,0,,,,,,,0,0,2026-02-19
32,69,Ge,96,244,Cm,0,,,,,,,0,0,2026-02-19
32,70,Ge,96,244,Cm,0,,,,,,,2.43001e-13,1.5552e-13,2026-02-19
32,71,Ge,96,244,Cm,0,,,,,,,6.63002e-12,4.24321e-12,2026-02-19
32,71,Ge,96,244,Cm,1,,,,,,,6.63002e-12,4.24321e-12,2026-02-19
32,72,Ge,96,244,Cm,0,,,,,,,4.93002e-10,3.15521e-10,2026-02-19
32,73,Ge,96,244,Cm,0,,,,,,,7.05002e-09,4.51201e-09,2026-02-19
32,73,Ge,96,244,Cm,1,,,,,,,1.65001e-09,1.056e-09,2026-02-19
32,74,Ge,96,244,Cm,0,,,,,,,1.18e-07,7.55202e-08,2026-02-19
32,75,Ge,96,244,Cm,0,,,,,,,1.48e-07,9.47203e-08,2026-02-19
32,75,Ge,96,244,Cm,1,,,,,,,9.88003e-07,6.32322e-07,2026-02-19
32,76,Ge,96,244,Cm,0,,,,,,,7.34002e-06,4.69761e-06,2026-02-19
32,77,Ge,96,244,Cm,0,,,,,,,1.64101e-05,1.05024e-05,2026-02-19
32,77,Ge,96,244,Cm,1,,,,,,,2.45001e-06,1.56801e-06,2026-02-19
32,78,Ge,96,244,Cm,0,,,,,,,6.70502e-05,4.29121e-05,2026-02-19
32,79,Ge,96,244,Cm,0,,,,,,,5.80202e-05,3.71329e-05,2026-02-19
32,79,Ge,96,244,Cm,1,,,,,,,5.80202e-05,3.71329e-05,2026-02-19
32,80,Ge,96,244,Cm,0,,,,,,,0.00015047,9.63011e-05,2026-02-19
32,81,Ge,96,244,Cm,0,,,,,,,0.00010911,6.98306e-05,2026-02-19
32,82,Ge,96,244,Cm,0,,,,,,,5.46402e-05,3.49697e-05,2026-02-19
32,83,Ge,96,244,Cm,0,,,,,,,1.477e-05,9.45283e-06,2026-02-19
32,84,Ge,96,244,Cm,0,,,,,,,1.79001e-06,1.1456e-06,2026-02-19
32,85,Ge,96,244,Cm,0,,,,,,,2.69001e-07,1.72161e-07,2026-02-19
32,86,Ge,96,244,Cm,0,,,,,,,1.32e-08,8.44803e-09,2026-02-19
32,87,Ge,96,244,Cm,0,,,,,,,6.47986e-10,4.14711e-10,2026-02-19
32,88,Ge,96,244,Cm,0,,,,,,,1.48e-11,9.47203e-12,2026-02-19
32,89,Ge,96,244,Cm,0,,,,,,,3.91404e-13,2.50499e-13,2026-02-19
32,90,Ge,96,244,Cm,0,,,,,,,4.94996e-14,3.16797e-14,2026-02-19
33,69,As,96,244,Cm,0,,,,,,,0,0,2026-02-19
33,71,As,96,244,Cm,0,,,,,,,0,0,2026-02-19
33,72,As,96,244,Cm,0,,,,,,,3.84001e-14,2.45761e-14,2026-02-19
33,73,As,96,244,Cm,0,,,,,,,2.77001e-12,1.77281e-12,2026-02-19
33,74,As,96,244,Cm,0,,,,,,,2.99001e-11,1.91361e-11,2026-02-19
33,74,As,96,244,Cm,1,,,,,,,6.98002e-11,4.46721e-11,2026-02-19
33,75,As,96,244,Cm,0,,,,,,,3.91001e-09,2.50241e-09,2026-02-19
33,76,As,96,244,Cm,0,,,,,,,6.39002e-08,4.08961e-08,2026-02-19
33,77,As,96,244,Cm,0,,,,,,,6.20002e-07,3.96801e-07,2026-02-19
33,78,As,96,244,Cm,0,,,,,,,5.37002e-06,3.43681e-06,2026-02-19
33,79,As,96,244,Cm,0,,,,,,,3.25001e-05,2.08001e-05,2026-02-19
33,80,As,96,244,Cm,0,,,,,,,9.91403e-05,6.34498e-05,2026-02-19
33,81,As,96,244,Cm,0,,,,,,,0.000256261,0.000164007,2026-02-19
33,82,As,96,244,Cm,0,,,,,,,0.00015319,9.80419e-05,2026-02-19
33,82,As,96,244,Cm,1,,,,,,,0.00015319,9.80419e-05,2026-02-19
33,83,As,96,244,Cm,0,,,,,,,0.000307391,0.00019673,2026-02-19
33,84,As,96,244,Cm,0,,,,,,,4.81602e-05,3.08225e-05,2026-02-19
33,84,As,96,244,Cm,1,,,,,,,4.81602e-05,3.08225e-05,2026-02-19
33,85,As,96,244,Cm,0,,,,,,,5.73802e-05,3.67233e-05,2026-02-19
33,86,As,96,244,Cm,0,,,,,,,7.59002e-06,4.85762e-06,2026-02-19
33,87,As,96,244,Cm,0,,,,,,,1.55e-06,9.92003e-07,2026-02-19
33,88,As,96,244,Cm,0,,,,,,,9.93003e-08,6.35522e-08,2026-02-19
33,89,As,96,244,Cm,0,,,,,,,7.14963e-09,4.57576e-09,2026-02-19
33,90,As,96,244,Cm,0,,,,,,,6.69182e-10,4.28277e-10,2026-02-19
33,91,As,96,244,Cm,0,,,,,,,1.89972e-12,1.21582e-12,2026-02-19
33,92,As,96,244,Cm,0,,,,,,,6.47613e-14,4.14472e-14,2026-02-19
34,72,Se,96,244,Cm,0,,,,,,,0,0,2026-02-19
34,73,Se,96,244,Cm,0,,,,,,,0,0,2026-02-19
34,73,Se,96,244,Cm,1,,,,,,,0,0,2026-02-19
34,74,Se,96,244,Cm,0,,,,,,,0,0,2026-02-19
34,75,Se,96,244,Cm,0,,,,,,,1.02e-12,6.52802e-13,2026-02-19
34,76,Se,96,244,Cm,0,,,,,,,6.76002e-11,4.32641e-11,2026-02-19
34,77,Se,96,244,Cm,0,,,,,,,4.64001e-10,2.96961e-10,2026-02-19
34,77,Se,96,244,Cm,1,,,,,,,3.11001e-09,1.99041e-09,2026-02-19
34,78,Se,96,244,Cm,0,,,,,,,6.40002e-08,4.09601e-08,2026-02-19
34,79,Se,96,244,Cm,0,,,,,,,8.87003e-07,5.67682e-07,2026-02-19
34,79,Se,96,244,Cm,1,,,,,,,1.33e-07,8.51203e-08,2026-02-19
34,80,Se,96,244,Cm,0,,,,,,,1.244e-05,7.96163e-06,2026-02-19
34,81,Se,96,244,Cm,0,,,,,,,1.042e-05,6.66882e-06,2026-02-19
34,81,Se,96,244,Cm,1,,,,,,,6.97302e-05,4.46273e-05,2026-02-19
34,82,Se,96,244,Cm,0,,,,,,,0.000335821,0.000214925,2026-02-19
34,83,Se,96,244,Cm,0,,,,,,,0.000607772,0.000388974,2026-02-19
34,83,Se,96,244,Cm,1,,,,,,,0.00014256,9.12387e-05,2026-02-19
34,84,Se,96,244,Cm,0,,,,,,,0.000809773,0.000518254,2026-02-19
34,85,Se,96,244,Cm,0,,,,,,,0.000560192,0.000358523,2026-02-19
34,85,Se,96,244,Cm,1,,,,,,,0.000560192,0.000358523,2026-02-19
34,86,Se,96,244,Cm,0,,,,,,,0.000548382,0.000350964,2026-02-19
34,87,Se,96,244,Cm,0,,,,,,,0.000287881,0.000184244,2026-02-19
34,88,Se,96,244,Cm,0,,,,,,,7.38802e-05,4.72834e-05,2026-02-19
34,89,Se,96,244,Cm,0,,,,,,,1.45e-05,9.28003e-06,2026-02-19
34,90,Se,96,244,Cm,0,,,,,,,1.50934e-06,9.65975e-07,2026-02-19
34,91,Se,96,244,Cm,0,,,,,,,7.48983e-08,4.79349e-08,2026-02-19
34,92,Se,96,244,Cm,0,,,,,,,3.44995e-09,2.20797e-09,2026-02-19
34,93,Se,96,244,Cm,0,,,,,,,2.64951e-11,1.69568e-11,2026-02-19
34,94,Se,96,244,Cm,0,,,,,,,1e-12,6.40002e-13,2026-02-19
34,95,Se,96,244,Cm,0,,,,,,,1.28154e-13,8.20188e-14,2026-02-19
34,96,Se,96,244,Cm,0,,,,,,,0,0,2026-02-19
35,75,Br,96,244,Cm,0,,,,,,,0,0,2026-02-19
35,77,Br,96,244,Cm,0,,,,,,,6.11002e-14,3.91041e-14,2026-02-19
35,77,Br,96,244,Cm,1,,,,,,,2.04001e-13,1.3056e-13,2026-02-19
35,78,Br,96,244,Cm,0,,,,,,,1.37e-11,8.76803e-12,2026-02-19
35,79,Br,96,244,Cm,0,,,,,,,2.16001e-10,1.3824e-10,2026-02-19
35,79,Br,96,244,Cm,1,,,,,,,7.23002e-10,4.62721e-10,2026-02-19
35,80,Br,96,244,Cm,0,,,,,,,8.45003e-09,5.40802e-09,2026-02-19
35,80,Br,96,244,Cm,1,,,,,,,2.54001e-08,1.62561e-08,2026-02-19
35,81,Br,96,244,Cm,0,,,,,,,9.37003e-07,5.99682e-07,2026-02-19
35,82,Br,96,244,Cm,0,,,,,,,7.23002e-06,4.62721e-06,2026-02-19
35,82,Br,96,244,Cm,1,,,,,,,3.10001e-06,1.98401e-06,2026-02-19
35,83,Br,96,244,Cm,0,,,,,,,8.44303e-05,5.40354e-05,2026-02-19
35,84,Br,96,244,Cm,0,,,,,,,7.54402e-05,4.82818e-05,2026-02-19
35,84,Br,96,244,Cm,1,,,,,,,0.00013412,8.58371e-05,2026-02-19
35,85,Br,96,244,Cm,0,,,,,,,0.000954653,0.000610978,2026-02-19
35,86,Br,96,244,Cm,0,,,,,,,0.000510352,0.000326625,2026-02-19
35,86,Br,96,244,Cm,1,,,,,,,0.000510352,0.000326625,2026-02-19
35,87,Br,96,244,Cm,0,,,,,,,0.00183132,0.00117204,2026-02-19
35,88,Br,96,244,Cm,0,,,,,,,0.00111655,0.000714594,2026-02-19
35,89,Br,96,244,Cm,0,,,,,,,0.000828763,0.000530408,2026-02-19
35,90,Br,96,244,Cm,0,,,,,,,0.000224251,0.00014352,2026-02-19
35,91,Br,96,244,Cm,0,,,,,,,4.53601e-05,2.90305e-05,2026-02-19
35,92,Br,96,244,Cm,0,,,,,,,5.74002e-06,3.67361e-06,2026-02-19
35,93,Br,96,244,Cm,0,,,,,,,4.83975e-07,3.09744e-07,2026-02-19
35,94,Br,96,244,Cm,0,,,,,,,2.00001e-08,1.28e-08,2026-02-19
35,95,Br,96,244,Cm,0,,,,,,,2.34095e-09,1.49821e-09,2026-02-19
35,96,Br,96,244,Cm,0,,,,,,,1.51e-11,9.66403e-12,2026-02-19
35,97,Br,96,244,Cm,0,,,,,,,3.55088e-13,2.27257e-13,2026-02-19
36,77,Kr,96,244,Cm,0,,,,,,,0,0,2026-02-19
36,78,Kr,96,244,Cm,0,,,,,,,0,0,2026-02-19
36,79,Kr,96,244,Cm,0,,,,,,,3.11001e-14,1.99041e-14,2026-02-19
36,79,Kr,96,244,Cm,1,,,,,,,3.11001e-14,1.99041e-14,2026-02-19
36,80,Kr,96,244,Cm,0,,,,,,,1.05e-11,6.72002e-12,2026-02-19
36,81,Kr,96,244,Cm,0,,,,,,,7.70002e-10,4.92802e-10,2026-02-19
36,81,Kr,96,244,Cm,1,,,,,,,1.15e-10,7.36002e-11,2026-02-19
36,82,Kr,96,244,Cm,0,,,,,,,4.26001e-08,2.72641e-08,2026-02-19
36,83,Kr,96,244,Cm,0,,,,,,,7.66002e-07,4.90242e-07,2026-02-19
36,83,Kr,96,244,Cm,1,,,,,,,1.80001e-07,1.152e-07,2026-02-19
36,84,Kr,96,244,Cm,0,,,,,,,9.33003e-06,5.97122e-06,2026-02-19
36,85,Kr,96,244,Cm,0,,,,,,,8.33603e-05,5.33506e-05,2026-02-19
36,85,Kr,96,244,Cm,1,,,,,,,1.95501e-05,1.2512e-05,2026-02-19
36,86,Kr,96,244,Cm,0,,,,,,,0.000382561,0.000244839,2026-02-19
36,87,Kr,96,244,Cm,0,,,,,,,0.00150042,0.000960272,2026-02-19
36,88,Kr,96,244,Cm,0,,,,,,,0.00300292,0.00192187,2026-02-19
36,89,Kr,96,244,Cm,0,,,,,,,0.00494041,0.00316186,2026-02-19
36,90,Kr,96,244,Cm,0,,,,,,,0.00469063,0.00300201,2026-02-19
36,91,Kr,96,244,Cm,0,,,,,,,0.00230699,0.00147647,2026-02-19
36,92,Kr,96,244,Cm,0,,,,,,,0.00112668,0.000721077,2026-02-19
36,93,Kr,96,244,Cm,0,,,,,,,0.000251321,0.000160845,2026-02-19
36,94,Kr,96,244,Cm,0,,,,,,,4.25701e-05,2.72449e-05,2026-02-19
36,95,Kr,96,244,Cm,0,,,,,,,3.90767e-06,2.50091e-06,2026-02-19
36,96,Kr,96,244,Cm,0,,,,,,,3.79001e-07,2.42561e-07,2026-02-19
36,97,Kr,96,244,Cm,0,,,,,,,1.39997e-08,8.9598e-09,2026-02-19
36,98,Kr,96,244,Cm,0,,,,,,,3.43001e-10,2.19521e-10,2026-02-19
36,99,Kr,96,244,Cm,0,,,,,,,4.49884e-12,2.87926e-12,2026-02-19
36,100,Kr,96,244,Cm,0,,,,,,,4.90002e-14,3.13601e-14,2026-02-19
37,79,Rb,96,244,Cm,0,,,,,,,0,0,2026-02-19
37,81,Rb,96,244,Cm,0,,,,,,,2.08001e-14,1.3312e-14,2026-02-19
37,83,Rb,96,244,Cm,0,,,,,,,2.92001e-10,1.86881e-10,2026-02-19
37,84,Rb,96,244,Cm,0,,,,,,,8.16003e-09,5.22242e-09,2026-02-19
37,85,Rb,96,244,Cm,0,,,,,,,3.65001e-07,2.33601e-07,2026-02-19
37,86,Rb,96,244,Cm,0,,,,,,,6.06502e-06,3.88161e-06,2026-02-19
37,86,Rb,96,244,Cm,1,,,,,,,6.06502e-06,3.88161e-06,2026-02-19
37,87,Rb,96,244,Cm,0,,,,,,,5.25902e-05,3.36577e-05,2026-02-19
37,88,Rb,96,244,Cm,0,,,,,,,0.000249211,0.000159495,2026-02-19
37,89,Rb,96,244,Cm,0,,,,,,,0.00139072,0.000890064,2026-02-19
37,90,Rb,96,244,Cm,0,,,,,,,0.000544842,0.000348699,2026-02-19
37,90,Rb,96,244,Cm,1,,,,,,,0.00232266,0.0014865,2026-02-19
37,91,Rb,96,244,Cm,0,,,,,,,0.00464695,0.00297405,2026-02-19
37,92,Rb,96,244,Cm,0,,,,,,,0.00509781,0.0032626,2026-02-19
37,93,Rb,96,244,Cm,0,,,,,,,0.00405964,0.00259817,2026-02-19
37,94,Rb,96,244,Cm,0,,,,,,,0.00170864,0.00109353,2026-02-19
37,95,Rb,96,244,Cm,0,,,,,,,0.000615872,0.000394158,2026-02-19
37,96,Rb,96,244,Cm,0,,,,,,,0.000159951,0.000102368,2026-02-19
37,97,Rb,96,244,Cm,0,,,,,,,2.45401e-05,1.57057e-05,2026-02-19
37,98,Rb,96,244,Cm,0,,,,,,,1.67001e-06,1.0688e-06,2026-02-19
37,99,Rb,96,244,Cm,0,,,,,,,8.21786e-08,5.25943e-08,2026-02-19
37,100,Rb,96,244,Cm,0,,,,,,,2.90001e-09,1.85601e-09,2026-02-19
37,101,Rb,96,244,Cm,0,,,,,,,2.96752e-11,1.89922e-11,2026-02-19
37,102,Rb,96,244,Cm,0,,,,,,,9.57341e-13,6.12698e-13,2026-02-19
38,83,Sr,96,244,Cm,0,,,,,,,0,0,2026-02-19
38,84,Sr,96,244,Cm,0,,,,,,,7.80002e-13,4.99202e-13,2026-02-19
38,85,Sr,96,244,Cm,0,,,,,,,4.90502e-11,3.13921e-11,2026-02-19
38,85,Sr,96,244,Cm,1,,,,,,,4.90502e-11,3.13921e-11,2026-02-19
38,86,Sr,96,244,Cm,0,,,,,,,3.97001e-09,2.54081e-09,2026-02-19
38,87,Sr,96,244,Cm,0,,,,,,,1.31e-07,8.38403e-08,2026-02-19
38,87,Sr,96,244,Cm,1,,,,,,,3.06001e-08,1.95841e-08,2026-02-19
38,88,Sr,96,244,Cm,0,,,,,,,3.06001e-06,1.95841e-06,2026-02-19
38,89,Sr,96,244,Cm,0,,,,,,,4.36601e-05,2.79425e-05,2026-02-19
38,90,Sr,96,244,Cm,0,,,,,,,0.000331541,0.000212186,2026-02-19
38,91,Sr,96,244,Cm,0,,,,,,,0.0012431,0.000795587,2026-02-19
38,92,Sr,96,244,Cm,0,,,,,,,0.00456068,0.00291884,2026-02-19
38,93,Sr,96,244,Cm,0,,,,,,,0.00785637,0.00502807,2026-02-19
38,94,Sr,96,244,Cm,0,,,,,,,0.0110469,0.00353502,2026-02-19
38,95,Sr,96,244,Cm,0,,,,,,,0.00913507,0.00584644,2026-02-19
38,96,Sr,96,244,Cm,0,,,,,,,0.00867019,0.00554892,2026-02-19
38,97,Sr,96,244,Cm,0,,,,,,,0.00337237,0.00215832,2026-02-19
38,98,Sr,96,244,Cm,0,,,,,,,0.000916493,0.000586555,2026-02-19
38,99,Sr,96,244,Cm,0,,,,,,,0.000137178,8.77941e-05,2026-02-19
38,100,Sr,96,244,Cm,0,,,,,,,1.80001e-05,1.152e-05,2026-02-19
38,101,Sr,96,244,Cm,0,,,,,,,1.16997e-06,7.48783e-07,2026-02-19
38,102,Sr,96,244,Cm,0,,,,,,,5.09992e-08,3.26395e-08,2026-02-19
38,103,Sr,96,244,Cm,0,,,,,,,2.23894e-10,1.43292e-10,2026-02-19
38,104,Sr,96,244,Cm,0,,,,,,,7.30002e-12,4.67201e-12,2026-02-19
38,105,Sr,96,244,Cm,0,,,,,,,7.32545e-13,4.68829e-13,2026-02-19
39,85,Y,96,244,Cm,0,,,,,,,0,0,2026-02-19
39,87,Y,96,244,Cm,0,,,,,,,1.28e-11,8.19203e-12,2026-02-19
39,88,Y,96,244,Cm,0,,,,,,,6.77002e-10,4.33281e-10,2026-02-19
39,89,Y,96,244,Cm,0,,,,,,,7.64002e-09,4.88962e-09,2026-02-19
39,89,Y,96,244,Cm,1,,,,,,,3.26001e-08,2.08641e-08,2026-02-19
39,90,Y,96,244,Cm,0,,,,,,,4.11501e-07,2.63361e-07,2026-02-19
39,90,Y,96,244,Cm,1,,,,,,,4.11501e-07,2.63361e-07,2026-02-19
39,91,Y,96,244,Cm,0,,,,,,,6.09002e-06,3.89761e-06,2026-02-19
39,91,Y,96,244,Cm,1,,,,,,,6.09002e-06,3.89761e-06,2026-02-19
39,92,Y,96,244,Cm,0,,,,,,,0.00011211,7.17506e-05,2026-02-19
39,93,Y,96,244,Cm,0,,,,,,,0.000349196,0.000223486,2026-02-19
39,93,Y,96,244,Cm,1,,,,,,,0.000349196,0.000223486,2026-02-19
39,94,Y,96,244,Cm,0,,,,,,,0.00221607,0.00141828,2026-02-19
39,95,Y,96,244,Cm,0,,,,,,,0.00605601,0.00387585,2026-02-19
39,96,Y,96,244,Cm,0,,,,,,,0.00125012,0.000800079,2026-02-19
39,96,Y,96,244,Cm,1,,,,,,,0.0112511,0.00360034,2026-02-19
39,97,Y,96,244,Cm,0,,,,,,,0.00821784,0.00525942,2026-02-19
39,97,Y,96,244,Cm,1,,,,,,,0.00821784,0.00525942,2026-02-19
39,98,Y,96,244,Cm,0,,,,,,,0.00523559,0.00335078,2026-02-19
39,98,Y,96,244,Cm,1,,,,,,,0.00523551,0.00335072,2026-02-19
39,99,Y,96,244,Cm,0,,,,,,,0.00585603,0.00374786,2026-02-19
39,100,Y,96,244,Cm,0,,,,,,,0.00198175,0.00126832,2026-02-19
39,101,Y,96,244,Cm,0,,,,,,,0.000520072,0.000332846,2026-02-19
39,102,Y,96,244,Cm,0,,,,,,,6.40402e-05,4.09857e-05,2026-02-19
39,103,Y,96,244,Cm,0,,,,,,,4.08979e-06,2.61747e-06,2026-02-19
39,104,Y,96,244,Cm,0,,,,,,,1.32e-07,8.44803e-08,2026-02-19
39,105,Y,96,244,Cm,0,,,,,,,1.33811e-08,8.56392e-09,2026-02-19
39,106,Y,96,244,Cm,0,,,,,,,1.65751e-11,1.06081e-11,2026-02-19
39,107,Y,96,244,Cm,0,,,,,,,1.25151e-12,8.00964e-13,2026-02-19
40,87,Zr,96,244,Cm,0,,,,,,,0,0,2026-02-19
40,88,Zr,96,244,Cm,0,,,,,,,1.58001e-14,1.0112e-14,2026-02-19
40,89,Zr,96,244,Cm,0,,,,,,,2.67001e-12,1.70881e-12,2026-02-19
40,90,Zr,96,244,Cm,0,,,,,,,1.16e-10,7.42402e-11,2026-02-19
40,90,Zr,96,244,Cm,1,,,,,,,1.16e-10,7.42402e-11,2026-02-19
40,91,Zr,96,244,Cm,0,,,,,,,9.54003e-09,6.10562e-09,2026-02-19
40,92,Zr,96,244,Cm,0,,,,,,,3.62001e-07,2.31681e-07,2026-02-19
40,93,Zr,96,244,Cm,0,,,,,,,6.00002e-06,3.84001e-06,2026-02-19
40,94,Zr,96,244,Cm,0,,,,,,,7.40102e-05,4.73666e-05,2026-02-19
40,95,Zr,96,244,Cm,0,,,,,,,0.000496192,0.000317563,2026-02-19
40,96,Zr,96,244,Cm,0,,,,,,,0.00360635,0.00230806,2026-02-19
40,97,Zr,96,244,Cm,0,,,,,,,0.0105408,0.00337307,2026-02-19
40,98,Zr,96,244,Cm,0,,,,,,,0.0220568,0.00705818,2026-02-19
40,99,Zr,96,244,Cm,0,,,,,,,0.0270775,0.0086648,2026-02-19
40,100,Zr,96,244,Cm,0,,,,,,,0.0315882,0.0101082,2026-02-19
40,101,Zr,96,244,Cm,0,,,,,,,0.019884,0.00636288,2026-02-19
40,102,Zr,96,244,Cm,0,,,,,,,0.0096142,0.00615309,2026-02-19
40,103,Zr,96,244,Cm,0,,,,,,,0.00176576,0.00113008,2026-02-19
40,104,Zr,96,244,Cm,0,,,,,,,0.000255901,0.000163777,2026-02-19
40,105,Zr,96,244,Cm,0,,,,,,,2.23367e-05,1.42955e-05,2026-02-19
40,106,Zr,96,244,Cm,0,,,,,,,8.82986e-07,5.65111e-07,2026-02-19
40,107,Zr,96,244,Cm,0,,,,,,,4.93418e-08,3.15787e-08,2026-02-19
40,108,Zr,96,244,Cm,0,,,,,,,2.76001e-10,1.76641e-10,2026-02-19
40,109,Zr,96,244,Cm,0,,,,,,,3.53085e-12,2.25974e-12,2026-02-19
40,110,Zr,96,244,Cm,0,,,,,,,1.58001e-14,1.0112e-14,2026-02-19
41,89,Nb,96,244,Cm,0,,,,,,,0,0,2026-02-19
41,90,Nb,96,244,Cm,0,,,,,,,0,0,2026-02-19
41,91,Nb,96,244,Cm,0,,,,,,,1.85001e-13,1.184e-13,2026-02-19
41,92,Nb,96,244,Cm,0,,,,,,,1.99001e-11,1.2736e-11,2026-02-19
41,93,Nb,96,244,Cm,0,,,,,,,1.13e-09,7.23202e-10,2026-02-19
41,93,Nb,96,244,Cm,1,,,,,,,2.65001e-10,1.69601e-10,2026-02-19
41,94,Nb,96,244,Cm,0,,,,,,,2.80001e-08,1.79201e-08,2026-02-19
41,94,Nb,96,244,Cm,1,,,,,,,1.95001e-08,1.248e-08,2026-02-19
41,95,Nb,96,244,Cm,0,,,,,,,1.05e-06,6.72002e-07,2026-02-19
41,95,Nb,96,244,Cm,1,,,,,,,2.47001e-07,1.58081e-07,2026-02-19
41,96,Nb,96,244,Cm,0,,,,,,,2.47901e-05,1.58657e-05,2026-02-19
41,97,Nb,96,244,Cm,0,,,,,,,0.000223821,0.000143245,2026-02-19
41,97,Nb,96,244,Cm,1,,,,,,,5.25002e-05,3.36001e-05,2026-02-19
41,98,Nb,96,244,Cm,0,,,,,,,0.0010406,0.000665986,2026-02-19
41,98,Nb,96,244,Cm,1,,,,,,,0.000346881,0.000222004,2026-02-19
41,99,Nb,96,244,Cm,0,,,,,,,0.000469281,0.00030034,2026-02-19
41,99,Nb,96,244,Cm,1,,,,,,,0.00539658,0.00345381,2026-02-19
41,100,Nb,96,244,Cm,0,,,,,,,0.00750365,0.00480234,2026-02-19
41,100,Nb,96,244,Cm,1,,,,,,,0.00750365,0.00480234,2026-02-19
41,101,Nb,96,244,Cm,0,,,,,,,0.0310445,0.00993423,2026-02-19
41,102,Nb,96,244,Cm,0,,,,,,,0.0171382,0.0109685,2026-02-19
41,102,Nb,96,244,Cm,1,,,,,,,0.0171382,0.0109685,2026-02-19
41,103,Nb,96,244,Cm,0,,,,,,,0.0241309,0.00772188,2026-02-19
41,104,Nb,96,244,Cm,0,,,,,,,0.00470478,0.00301106,2026-02-19
41,104,Nb,96,244,Cm,1,,,,,,,0.00470478,0.00301106,2026-02-19
41,105,Nb,96,244,Cm,0,,,,,,,0.00351961,0.00225255,2026-02-19
41,106,Nb,96,244,Cm,0,,,,,,,0.000408911,0.000261703,2026-02-19
41,107,Nb,96,244,Cm,0,,,,,,,3.81608e-05,2.44229e-05,2026-02-19
41,108,Nb,96,244,Cm,0,,,,,,,1.68001e-06,1.0752e-06,2026-02-19
41,109,Nb,96,244,Cm,0,,,,,,,6.44967e-08,4.12779e-08,2026-02-19
41,110,Nb,96,244,Cm,0,,,,,,,1.17e-09,7.48802e-10,2026-02-19
41,111,Nb,96,244,Cm,0,,,,,,,8.44603e-12,5.40546e-12,2026-02-19
41,112,Nb,96,244,Cm,0,,,,,,,1.61622e-13,1.03438e-13,2026-02-19
42,90,Mo,96,244,Cm,0,,,,,,,0,0,2026-02-19
42,91,Mo,96,244,Cm,0,,,,,,,0,0,2026-02-19
42,92,Mo,96,244,Cm,0,,,,,,,0,0,2026-02-19
42,93,Mo,96,244,Cm,0,,,,,,,1.13e-14,7.23202e-15,2026-02-19
42,93,Mo,96,244,Cm,1,,,,,,,1.13e-14,7.23202e-15,2026-02-19
42,94,Mo,96,244,Cm,0,,,,,,,3.30001e-12,2.11201e-12,2026-02-19
42,95,Mo,96,244,Cm,0,,,,,,,2.54001e-10,1.62561e-10,2026-02-19
42,96,Mo,96,244,Cm,0,,,,,,,2.04001e-08,1.3056e-08,2026-02-19
42,97,Mo,96,244,Cm,0,,,,,,,6.23002e-07,3.98721e-07,2026-02-19
42,98,Mo,96,244,Cm,0,,,,,,,1.262e-05,8.07683e-06,2026-02-19
42,99,Mo,96,244,Cm,0,,,,,,,0.00013776,8.81667e-05,2026-02-19
42,100,Mo,96,244,Cm,0,,,,,,,0.00131592,0.000842191,2026-02-19
42,101,Mo,96,244,Cm,0,,,,,,,0.00638117,0.00408395,2026-02-19
42,102,Mo,96,244,Cm,0,,,,,,,0.024432,0.00781825,2026-02-19
42,103,Mo,96,244,Cm,0,,,,,,,0.0403387,0.0129084,2026-02-19
42,104,Mo,96,244,Cm,0,,,,,,,0.0563388,0.0180284,2026-02-19
42,105,Mo,96,244,Cm,0,,,,,,,0.0522464,0.0167189,2026-02-19
42,106,Mo,96,244,Cm,0,,,,,,,0.0241584,0.00773068,2026-02-19
42,107,Mo,96,244,Cm,0,,,,,,,0.00627893,0.00401852,2026-02-19
42,108,Mo,96,244,Cm,0,,,,,,,0.00113986,0.000729513,2026-02-19
42,109,Mo,96,244,Cm,0,,,,,,,0.00011906,7.61986e-05,2026-02-19
42,110,Mo,96,244,Cm,0,,,,,,,9.07003e-06,5.80482e-06,2026-02-19
42,111,Mo,96,244,Cm,0,,,,,,,3.32993e-07,2.13115e-07,2026-02-19
42,112,Mo,96,244,Cm,0,,,,,,,8.60987e-09,5.51031e-09,2026-02-19
42,113,Mo,96,244,Cm,0,,,,,,,0,0,2026-02-19
42,114,Mo,96,244,Cm,0,,,,,,,0,0,2026-02-19
42,115,Mo,96,244,Cm,0,,,,,,,0,0,2026-02-19
42,116,Mo,96,244,Cm,0,,,,,,,0,0,2026-02-19
42,117,Mo,96,244,Cm,0,,,,,,,0,0,2026-02-19
42,118,Mo,96,244,Cm,0,,,,,,,0,0,2026-02-19
43,93,Tc,96,244,Cm,0,,,,,,,0,0,2026-02-19
43,95,Tc,96,244,Cm,0,,,,,,,0,0,2026-02-19
43,95,Tc,96,244,Cm,1,,,,,,,0,0,2026-02-19
43,97,Tc,96,244,Cm,0,,,,,,,1.79501e-11,1.1488e-11,2026-02-19
43,97,Tc,96,244,Cm,1,,,,,,,1.79501e-11,1.1488e-11,2026-02-19
43,98,Tc,96,244,Cm,0,,,,,,,2.04001e-09,1.3056e-09,2026-02-19
43,99,Tc,96,244,Cm,0,,,,,,,7.53002e-08,4.81922e-08,2026-02-19
43,99,Tc,96,244,Cm,1,,,,,,,1.77001e-08,1.1328e-08,2026-02-19
43,100,Tc,96,244,Cm,0,,,,,,,2.41001e-06,1.5424e-06,2026-02-19
43,101,Tc,96,244,Cm,0,,,,,,,4.65201e-05,2.97729e-05,2026-02-19
43,102,Tc,96,244,Cm,0,,,,,,,0.000232271,0.000148653,2026-02-19
43,102,Tc,96,244,Cm,1,,,,,,,0.000232271,0.000148653,2026-02-19
43,103,Tc,96,244,Cm,0,,,,,,,0.00303475,0.00194224,2026-02-19
43,104,Tc,96,244,Cm,0,,,,,,,0.0104518,0.00334456,2026-02-19
43,105,Tc,96,244,Cm,0,,,,,,,0.0343602,0.0109953,2026-02-19
43,106,Tc,96,244,Cm,0,,,,,,,0.0375913,0.0120292,2026-02-19
43,107,Tc,96,244,Cm,0,,,,,,,0.035893,0.0114858,2026-02-19
43,108,Tc,96,244,Cm,0,,,,,,,0.0158374,0.00506798,2026-02-19
43,109,Tc,96,244,Cm,0,,,,,,,0.00623135,0.00398806,2026-02-19
43,110,Tc,96,244,Cm,0,,,,,,,0.00123316,0.000789225,2026-02-19
43,111,Tc,96,244,Cm,0,,,,,,,0.000183801,0.000117632,2026-02-19
43,112,Tc,96,244,Cm,0,,,,,,,1.306e-05,8.35843e-06,2026-02-19
43,113,Tc,96,244,Cm,0,,,,,,,1.02e-11,6.52802e-12,2026-02-19
43,114,Tc,96,244,Cm,0,,,,,,,1.70001e-13,1.088e-13,2026-02-19
43,115,Tc,96,244,Cm,0,,,,,,,2.2193e-15,1.42035e-15,2026-02-19
43,116,Tc,96,244,Cm,0,,,,,,,0,0,2026-02-19
43,117,Tc,96,244,Cm,0,,,,,,,3.01118e-18,1.92716e-18,2026-02-19
43,118,Tc,96,244,Cm,0,,,,,,,5.91094e-20,3.783e-20,2026-02-19
43,119,Tc,96,244,Cm,0,,,,,,,3.52552e-15,2.25633e-15,2026-02-19
44,95,Ru,96,244,Cm,0,,,,,,,0,0,2026-02-19
44,96,Ru,96,244,Cm,0,,,,,,,0,0,2026-02-19
44,97,Ru,96,244,Cm,0,,,,,,,0,0,2026-02-19
44,98,Ru,96,244,Cm,0,,,,,,,3.45001e-14,2.20801e-14,2026-02-19
44,99,Ru,96,244,Cm,0,,,,,,,4.48001e-12,2.86721e-12,2026-02-19
44,100,Ru,96,244,Cm,0,,,,,,,4.94002e-10,3.16161e-10,2026-02-19
44,101,Ru,96,244,Cm,0,,,,,,,2.66001e-08,1.70241e-08,2026-02-19
44,102,Ru,96,244,Cm,0,,,,,,,1.14e-06,7.29602e-07,2026-02-19
44,103,Ru,96,244,Cm,0,,,,,,,2.17901e-05,1.39456e-05,2026-02-19
44,104,Ru,96,244,Cm,0,,,,,,,0.000319951,0.000204769,2026-02-19
44,105,Ru,96,244,Cm,0,,,,,,,0.00285305,0.00182595,2026-02-19
44,106,Ru,96,244,Cm,0,,,,,,,0.0117339,0.00375485,2026-02-19
44,107,Ru,96,244,Cm,0,,,,,,,0.0268072,0.0085783,2026-02-19
44,108,Ru,96,244,Cm,0,,,,,,,0.0398331,0.0127466,2026-02-19
44,109,Ru,96,244,Cm,0,,,,,,,0.0172762,0.0110568,2026-02-19
44,109,Ru,96,244,Cm,1,,,,,,,0.0172762,0.0110568,2026-02-19
44,110,Ru,96,244,Cm,0,,,,,,,0.0237758,0.00760827,2026-02-19
44,111,Ru,96,244,Cm,0,,,,,,,0.00858003,0.00549122,2026-02-19
44,112,Ru,96,244,Cm,0,,,,,,,0.00234259,0.00149926,2026-02-19
44,113,Ru,96,244,Cm,0,,,,,,,9.87003e-06,6.31682e-06,2026-02-19
44,114,Ru,96,244,Cm,0,,,,,,,7.69002e-07,4.92162e-07,2026-02-19
44,115,Ru,96,244,Cm,0,,,,,,,6.53002e-08,4.17921e-08,2026-02-19
44,116,Ru,96,244,Cm,0,,,,,,,2.02001e-09,1.2928e-09,2026-02-19
44,117,Ru,96,244,Cm,0,,,,,,,8.86003e-11,5.67042e-11,2026-02-19
44,118,Ru,96,244,Cm,0,,,,,,,2.35001e-12,1.504e-12,2026-02-19
44,119,Ru,96,244,Cm,0,,,,,,,1.38997e-10,8.8958e-11,2026-02-19
44,120,Ru,96,244,Cm,0,,,,,,,5.28002e-14,3.37921e-14,2026-02-19
44,121,Ru,96,244,Cm,0,,,,,,,4.33556e-17,2.77476e-17,2026-02-19
44,122,Ru,96,244,Cm,0,,,,,,,0,0,2026-02-19
44,124,Ru,96,244,Cm,0,,,,,,,0,0,2026-02-19
45,99,Rh,96,244,Cm,0,,,,,,,0,0,2026-02-19
45,101,Rh,96,244,Cm,0,,,,,,,7.13002e-14,4.56321e-14,2026-02-19
45,101,Rh,96,244,Cm,1,,,,,,,3.04001e-13,1.94561e-13,2026-02-19
45,102,Rh,96,244,Cm,0,,,,,,,2.35001e-11,1.504e-11,2026-02-19
45,102,Rh,96,244,Cm,1,,,,,,,2.35001e-11,1.504e-11,2026-02-19
45,103,Rh,96,244,Cm,0,,,,,,,5.45002e-10,3.48801e-10,2026-02-19
45,103,Rh,96,244,Cm,1,,,,,,,3.65001e-09,2.33601e-09,2026-02-19
45,104,Rh,96,244,Cm,0,,,,,,,4.67001e-08,2.98881e-08,2026-02-19
45,104,Rh,96,244,Cm,1,,,,,,,1.4e-07,8.96003e-08,2026-02-19
45,105,Rh,96,244,Cm,0,,,,,,,6.33002e-06,4.05121e-06,2026-02-19
45,105,Rh,96,244,Cm,1,,,,,,,9.46003e-07,6.05442e-07,2026-02-19
45,106,Rh,96,244,Cm,0,,,,,,,4.40701e-05,2.82049e-05,2026-02-19
45,106,Rh,96,244,Cm,1,,,,,,,4.40701e-05,2.82049e-05,2026-02-19
45,107,Rh,96,244,Cm,0,,,,,,,0.000832483,0.000532789,2026-02-19
45,108,Rh,96,244,Cm,0,,,,,,,0.00151155,0.000967395,2026-02-19
45,108,Rh,96,244,Cm,1,,,,,,,0.00151155,0.000967395,2026-02-19
45,109,Rh,96,244,Cm,0,,,,,,,0.00448135,0.00286807,2026-02-19
45,109,Rh,96,244,Cm,1,,,,,,,0.00448143,0.00286812,2026-02-19
45,110,Rh,96,244,Cm,0,,,,,,,0.00673554,0.00431075,2026-02-19
45,110,Rh,96,244,Cm,1,,,,,,,0.00673554,0.00303099,2026-02-19
45,111,Rh,96,244,Cm,0,,,,,,,0.0160061,0.00512196,2026-02-19
45,112,Rh,96,244,Cm,0,,,,,,,0.0097886,0.0062647,2026-02-19
45,113,Rh,96,244,Cm,0,,,,,,,0.00309064,0.00197801,2026-02-19
45,114,Rh,96,244,Cm,0,,,,,,,0.000652332,0.000417493,2026-02-19
45,115,Rh,96,244,Cm,0,,,,,,,0.000236511,0.000151367,2026-02-19
45,116,Rh,96,244,Cm,0,,,,,,,2.12601e-05,1.36064e-05,2026-02-19
45,117,Rh,96,244,Cm,0,,,,,,,3.90001e-06,2.49601e-06,2026-02-19
45,118,Rh,96,244,Cm,0,,,,,,,3.14001e-07,2.00961e-07,2026-02-19
45,119,Rh,96,244,Cm,0,,,,,,,1.3e-07,8.32003e-08,2026-02-19
45,120,Rh,96,244,Cm,0,,,,,,,3.78001e-10,2.41921e-10,2026-02-19
45,121,Rh,96,244,Cm,0,,,,,,,7.91959e-13,5.06854e-13,2026-02-19
45,122,Rh,96,244,Cm,0,,,,,,,0,0,2026-02-19
45,123,Rh,96,244,Cm,0,,,,,,,0,0,2026-02-19
45,124,Rh,96,244,Cm,0,,,,,,,0,0,2026-02-19
46,99,Pd,96,244,Cm,0,,,,,,,0,0,2026-02-19
46,101,Pd,96,244,Cm,0,,,,,,,0,0,2026-02-19
46,102,Pd,96,244,Cm,0,,,,,,,0,0,2026-02-19
46,103,Pd,96,244,Cm,0,,,,,,,5.59002e-14,3.57761e-14,2026-02-19
46,104,Pd,96,244,Cm,0,,,,,,,1.18e-11,7.55202e-12,2026-02-19
46,105,Pd,96,244,Cm,0,,,,,,,1.42e-09,9.08803e-10,2026-02-19
46,106,Pd,96,244,Cm,0,,,,,,,7.97003e-08,5.10082e-08,2026-02-19
46,107,Pd,96,244,Cm,0,,,,,,,7.90003e-07,5.05602e-07,2026-02-19
46,107,Pd,96,244,Cm,1,,,,,,,1.47e-06,9.40803e-07,2026-02-19
46,108,Pd,96,244,Cm,0,,,,,,,3.39401e-05,2.17217e-05,2026-02-19
46,109,Pd,96,244,Cm,0,,,,,,,9.02403e-05,5.77538e-05,2026-02-19
46,109,Pd,96,244,Cm,1,,,,,,,0.000167591,0.000107258,2026-02-19
46,110,Pd,96,244,Cm,0,,,,,,,0.00143401,0.000917769,2026-02-19
46,111,Pd,96,244,Cm,0,,,,,,,0.00138501,0.000886409,2026-02-19
46,111,Pd,96,244,Cm,1,,,,,,,0.00257217,0.00164619,2026-02-19
46,112,Pd,96,244,Cm,0,,,,,,,0.00812543,0.00365644,2026-02-19
46,113,Pd,96,244,Cm,0,,,,,,,0.00568109,0.00255649,2026-02-19
46,114,Pd,96,244,Cm,0,,,,,,,0.00328585,0.00210294,2026-02-19
46,115,Pd,96,244,Cm,0,,,,,,,0.00224074,0.00100833,2026-02-19
46,116,Pd,96,244,Cm,0,,,,,,,0.000619602,0.000396545,2026-02-19
46,117,Pd,96,244,Cm,0,,,,,,,0.000237081,0.000151732,2026-02-19
46,118,Pd,96,244,Cm,0,,,,,,,6.90802e-05,4.42113e-05,2026-02-19
46,119,Pd,96,244,Cm,0,,,,,,,9.92003e-06,6.34882e-06,2026-02-19
46,120,Pd,96,244,Cm,0,,,,,,,2.99001e-07,1.91361e-07,2026-02-19
46,121,Pd,96,244,Cm,0,,,,,,,4.13001e-09,2.64321e-09,2026-02-19
46,122,Pd,96,244,Cm,0,,,,,,,9.06003e-11,5.79842e-11,2026-02-19
46,123,Pd,96,244,Cm,0,,,,,,,0,0,2026-02-19
46,124,Pd,96,244,Cm,0,,,,,,,0,0,2026-02-19
46,125,Pd,96,244,Cm,0,,,,,,,0,0,2026-02-19
46,126,Pd,96,244,Cm,0,,,,,,,0,0,2026-02-19
46,128,Pd,96,244,Cm,0,,,,,,,0,0,2026-02-19
46,129,Pd,96,244,Cm,0,,,,,,,1.38315e-13,8.85216e-14,2026-02-19
46,130,Pd,96,244,Cm,0,,,,,,,0,0,2026-02-19
47,103,Ag,96,244,Cm,0,,,,,,,0,0,2026-02-19
47,105,Ag,96,244,Cm,0,,,,,,,0,0,2026-02-19
47,105,Ag,96,244,Cm,1,,,,,,,0,0,2026-02-19
47,106,Ag,96,244,Cm,0,,,,,,,3.54001e-13,2.26561e-13,2026-02-19
47,106,Ag,96,244,Cm,1,,,,,,,8.27003e-13,5.29282e-13,2026-02-19
47,107,Ag,96,244,Cm,0,,,,,,,2.05001e-11,1.312e-11,2026-02-19
47,107,Ag,96,244,Cm,1,,,,,,,1.37e-10,8.76803e-11,2026-02-19
47,108,Ag,96,244,Cm,0,,,,,,,3.42001e-09,2.18881e-09,2026-02-19
47,108,Ag,96,244,Cm,1,,,,,,,3.42001e-09,2.18881e-09,2026-02-19
47,109,Ag,96,244,Cm,0,,,,,,,1.08e-07,6.91202e-08,2026-02-19
47,109,Ag,96,244,Cm,1,,,,,,,1.08e-07,6.91202e-08,2026-02-19
47,110,Ag,96,244,Cm,0,,,,,,,9.74003e-07,6.23362e-07,2026-02-19
47,110,Ag,96,244,Cm,1,,,,,,,2.27001e-06,1.4528e-06,2026-02-19
47,111,Ag,96,244,Cm,0,,,,,,,4.61001e-06,2.95041e-06,2026-02-19
47,111,Ag,96,244,Cm,1,,,,,,,3.08801e-05,1.97633e-05,2026-02-19
47,112,Ag,96,244,Cm,0,,,,,,,0.000183231,0.000117268,2026-02-19
47,113,Ag,96,244,Cm,0,,,,,,,4.20001e-06,2.68801e-06,2026-02-19
47,113,Ag,96,244,Cm,1,,,,,,,2.81401e-05,1.80097e-05,2026-02-19
47,114,Ag,96,244,Cm,0,,,,,,,4.41401e-05,2.82497e-05,2026-02-19
47,115,Ag,96,244,Cm,0,,,,,,,5.02202e-05,3.21409e-05,2026-02-19
47,115,Ag,96,244,Cm,1,,,,,,,5.02202e-05,3.21409e-05,2026-02-19
47,116,Ag,96,244,Cm,0,,,,,,,2.80801e-05,1.79713e-05,2026-02-19
47,116,Ag,96,244,Cm,1,,,,,,,2.80801e-05,1.79713e-05,2026-02-19
47,117,Ag,96,244,Cm,0,,,,,,,2.90301e-05,1.85793e-05,2026-02-19
47,117,Ag,96,244,Cm,1,,,,,,,2.90301e-05,1.85793e-05,2026-02-19
47,118,Ag,96,244,Cm,0,,,,,,,1.509e-05,9.65763e-06,2026-02-19
47,118,Ag,96,244,Cm,1,,,,,,,1.509e-05,9.65763e-06,2026-02-19
47,119,Ag,96,244,Cm,0,,,,,,,2.86301e-05,1.83233e-05,2026-02-19
47,120,Ag,96,244,Cm,0,,,,,,,2.39001e-06,1.5296e-06,2026-02-19
47,120,Ag,96,244,Cm,1,,,,,,,2.39001e-06,1.5296e-06,2026-02-19
47,121,Ag,96,244,Cm,0,,,,,,,5.76002e-07,3.68641e-07,2026-02-19
47,122,Ag,96,244,Cm,0,,,,,,,3.24001e-08,2.07361e-08,2026-02-19
47,122,Ag,96,244,Cm,1,,,,,,,3.24001e-08,2.07361e-08,2026-02-19
47,123,Ag,96,244,Cm,0,,,,,,,1.2e-12,7.68002e-13,2026-02-19
47,124,Ag,96,244,Cm,0,,,,,,,2.54001e-13,1.62561e-13,2026-02-19
47,125,Ag,96,244,Cm,0,,,,,,,5.05002e-14,3.23201e-14,2026-02-19
47,126,Ag,96,244,Cm,0,,,,,,,1.11e-14,7.10402e-15,2026-02-19
47,127,Ag,96,244,Cm,0,,,,,,,0,0,2026-02-19
47,128,Ag,96,244,Cm,0,,,,,,,0,0,2026-02-19
47,129,Ag,96,244,Cm,0,,,,,,,2.52655e-09,1.61699e-09,2026-02-19
47,130,Ag,96,244,Cm,0,,,,,,,5.54002e-11,3.54561e-11,2026-02-19
47,131,Ag,96,244,Cm,0,,,,,,,1.05005e-12,6.7203e-13,2026-02-19
48,105,Cd,96,244,Cm,0,,,,,,,0,0,2026-02-19
48,106,Cd,96,244,Cm,0,,,,,,,0,0,2026-02-19
48,107,Cd,96,244,Cm,0,,,,,,,0,0,2026-02-19
48,108,Cd,96,244,Cm,0,,,,,,,1.45e-13,9.28003e-14,2026-02-19
48,109,Cd,96,244,Cm,0,,,,,,,1.3e-11,8.32003e-12,2026-02-19
48,110,Cd,96,244,Cm,0,,,,,,,8.33003e-10,5.33122e-10,2026-02-19
48,111,Cd,96,244,Cm,0,,,,,,,5.82002e-09,3.72481e-09,2026-02-19
48,111,Cd,96,244,Cm,1,,,,,,,1.95001e-08,1.248e-08,2026-02-19
48,112,Cd,96,244,Cm,0,,,,,,,5.40002e-07,3.45601e-07,2026-02-19
48,113,Cd,96,244,Cm,0,,,,,,,4.56001e-11,2.91841e-11,2026-02-19
48,113,Cd,96,244,Cm,1,,,,,,,1.53e-10,9.79203e-11,2026-02-19
48,114,Cd,96,244,Cm,0,,,,,,,1.24e-09,7.93603e-10,2026-02-19
48,115,Cd,96,244,Cm,0,,,,,,,1.93001e-09,1.2352e-09,2026-02-19
48,115,Cd,96,244,Cm,1,,,,,,,6.46002e-09,4.13441e-09,2026-02-19
48,116,Cd,96,244,Cm,0,,,,,,,2.06001e-08,1.3184e-08,2026-02-19
48,117,Cd,96,244,Cm,0,,,,,,,1.29e-08,8.25603e-09,2026-02-19
48,117,Cd,96,244,Cm,1,,,,,,,4.31001e-08,2.75841e-08,2026-02-19
48,118,Cd,96,244,Cm,0,,,,,,,1.19e-07,7.61602e-08,2026-02-19
48,119,Cd,96,244,Cm,0,,,,,,,5.51002e-06,3.52641e-06,2026-02-19
48,119,Cd,96,244,Cm,1,,,,,,,5.51002e-06,3.52641e-06,2026-02-19
48,120,Cd,96,244,Cm,0,,,,,,,1.364e-05,8.72963e-06,2026-02-19
48,121,Cd,96,244,Cm,0,,,,,,,3.83501e-06,2.45441e-06,2026-02-19
48,121,Cd,96,244,Cm,1,,,,,,,3.83501e-06,2.45441e-06,2026-02-19
48,122,Cd,96,244,Cm,0,,,,,,,5.74002e-06,3.67361e-06,2026-02-19
48,123,Cd,96,244,Cm,0,,,,,,,2.84001e-07,1.81761e-07,2026-02-19
48,124,Cd,96,244,Cm,0,,,,,,,1.88001e-07,1.2032e-07,2026-02-19
48,125,Cd,96,244,Cm,0,,,,,,,8.44003e-08,5.40162e-08,2026-02-19
48,126,Cd,96,244,Cm,0,,,,,,,7.43002e-08,4.75522e-08,2026-02-19
48,127,Cd,96,244,Cm,0,,,,,,,3.47001e-08,2.22081e-08,2026-02-19
48,128,Cd,96,244,Cm,0,,,,,,,1.07e-08,6.84802e-09,2026-02-19
48,129,Cd,96,244,Cm,0,,,,,,,4.21749e-06,2.69919e-06,2026-02-19
48,130,Cd,96,244,Cm,0,,,,,,,8.89003e-07,5.68962e-07,2026-02-19
48,131,Cd,96,244,Cm,0,,,,,,,4.13991e-08,2.64954e-08,2026-02-19
48,132,Cd,96,244,Cm,0,,,,,,,1.07e-09,6.84802e-10,2026-02-19
48,133,Cd,96,244,Cm,0,,,,,,,1.03462e-11,6.62158e-12,2026-02-19
48,134,Cd,96,244,Cm,0,,,,,,,6.68002e-14,4.27521e-14,2026-02-19
48,136,Cd,96,244,Cm,0,,,,,,,0,0,2026-02-19
49,107,In,96,244,Cm,0,,,,,,,0,0,2026-02-19
49,109,In,96,244,Cm,0,,,,,,,0,0,2026-02-19
49,111,In,96,244,Cm,0,,,,,,,4.46001e-13,2.85441e-13,2026-02-19
49,112,In,96,244,Cm,0,,,,,,,5.12002e-12,3.27681e-12,2026-02-19
49,112,In,96,244,Cm,1,,,,,,,2.18001e-11,1.3952e-11,2026-02-19
49,113,In,96,244,Cm,0,,,,,,,0,0,2026-02-19
49,113,In,96,244,Cm,1,,,,,,,0,0,2026-02-19
49,114,In,96,244,Cm,0,,,,,,,0,0,2026-02-19
49,114,In,96,244,Cm,1,,,,,,,0,0,2026-02-19
49,115,In,96,244,Cm,0,,,,,,,0,0,2026-02-19
49,115,In,96,244,Cm,1,,,,,,,0,0,2026-02-19
49,116,In,96,244,Cm,0,,,,,,,0,0,2026-02-19
49,116,In,96,244,Cm,1,,,,,,,0,0,2026-02-19
49,116,In,96,244,Cm,2,,,,,,,0,0,2026-02-19
49,117,In,96,244,Cm,0,,,,,,,1.24e-14,7.93603e-15,2026-02-19
49,117,In,96,244,Cm,1,,,,,,,0,0,2026-02-19
49,118,In,96,244,Cm,0,,,,,,,7.56002e-14,4.83842e-14,2026-02-19
49,118,In,96,244,Cm,1,,,,,,,1.26e-14,8.06403e-15,2026-02-19
49,118,In,96,244,Cm,2,,,,,,,1.26e-14,8.06403e-15,2026-02-19
49,119,In,96,244,Cm,0,,,,,,,1.32e-07,8.44803e-08,2026-02-19
49,119,In,96,244,Cm,1,,,,,,,3.09001e-08,1.97761e-08,2026-02-19
49,120,In,96,244,Cm,0,,,,,,,3.94668e-07,2.52587e-07,2026-02-19
49,120,In,96,244,Cm,1,,,,,,,3.94668e-07,2.52587e-07,2026-02-19
49,120,In,96,244,Cm,2,,,,,,,3.94668e-07,2.52587e-07,2026-02-19
49,121,In,96,244,Cm,0,,,,,,,3.72001e-06,2.38081e-06,2026-02-19
49,121,In,96,244,Cm,1,,,,,,,8.73003e-07,5.58722e-07,2026-02-19
49,122,In,96,244,Cm,0,,,,,,,4.26001e-06,2.72641e-06,2026-02-19
49,122,In,96,244,Cm,1,,,,,,,4.26001e-06,2.72641e-06,2026-02-19
49,122,In,96,244,Cm,2,,,,,,,4.26001e-06,2.72641e-06,2026-02-19
49,123,In,96,244,Cm,0,,,,,,,2.14201e-05,1.37088e-05,2026-02-19
49,123,In,96,244,Cm,1,,,,,,,5.03002e-06,3.21921e-06,2026-02-19
49,124,In,96,244,Cm,0,,,,,,,1.58901e-05,1.01696e-05,2026-02-19
49,124,In,96,244,Cm,1,,,,,,,1.58901e-05,1.01696e-05,2026-02-19
49,125,In,96,244,Cm,0,,,,,,,2.15701e-05,1.38048e-05,2026-02-19
49,125,In,96,244,Cm,1,,,,,,,2.15701e-05,1.38048e-05,2026-02-19
49,126,In,96,244,Cm,0,,,,,,,4.52651e-05,2.89697e-05,2026-02-19
49,126,In,96,244,Cm,1,,,,,,,4.52651e-05,2.89697e-05,2026-02-19
49,127,In,96,244,Cm,0,,,,,,,7.84903e-05,5.02338e-05,2026-02-19
49,127,In,96,244,Cm,1,,,,,,,7.84903e-05,5.02338e-05,2026-02-19
49,128,In,96,244,Cm,0,,,,,,,6.58552e-05,4.21473e-05,2026-02-19
49,128,In,96,244,Cm,1,,,,,,,6.58552e-05,4.21473e-05,2026-02-19
49,129,In,96,244,Cm,0,,,,,,,0.000211911,0.000135623,2026-02-19
49,129,In,96,244,Cm,1,,,,,,,0.000211911,0.000135623,2026-02-19
49,130,In,96,244,Cm,0,,,,,,,8.12603e-05,5.20066e-05,2026-02-19
49,130,In,96,244,Cm,1,,,,,,,8.12603e-05,5.20066e-05,2026-02-19
49,130,In,96,244,Cm,2,,,,,,,8.12603e-05,5.20066e-05,2026-02-19
49,131,In,96,244,Cm,0,,,,,,,2.48601e-05,1.59105e-05,2026-02-19
49,131,In,96,244,Cm,1,,,,,,,2.48601e-05,1.59105e-05,2026-02-19
49,132,In,96,244,Cm,0,,,,,,,3.93001e-06,2.51521e-06,2026-02-19
49,133,In,96,244,Cm,0,,,,,,,1.8899e-07,1.20954e-07,2026-02-19
49,134,In,96,244,Cm,0,,,,,,,3.96001e-09,2.53441e-09,2026-02-19
49,135,In,96,244,Cm,0,,,,,,,2.78998e-11,1.78559e-11,2026-02-19
49,136,In,96,244,Cm,0,,,,,,,3.82001e-13,2.44481e-13,2026-02-19
50,111,Sn,96,244,Cm,0,,,,,,,0,0,2026-02-19
50,112,Sn,96,244,Cm,0,,,,,,,0,0,2026-02-19
50,113,Sn,96,244,Cm,0,,,,,,,0,0,2026-02-19
50,113,Sn,96,244,Cm,1,,,,,,,0,0,2026-02-19
50,114,Sn,96,244,Cm,0,,,,,,,0,0,2026-02-19
50,115,Sn,96,244,Cm,0,,,,,,,0,0,2026-02-19
50,116,Sn,96,244,Cm,0,,,,,,,0,0,2026-02-19
50,117,Sn,96,244,Cm,0,,,,,,,0,0,2026-02-19
50,117,Sn,96,244,Cm,1,,,,,,,0,0,2026-02-19
50,118,Sn,96,244,Cm,0,,,,,,,0,0,2026-02-19
50,119,Sn,96,244,Cm,0,,,,,,,4.53001e-11,2.89921e-11,2026-02-19
50,119,Sn,96,244,Cm,1,,,,,,,1.52e-10,9.72803e-11,2026-02-19
50,120,Sn,96,244,Cm,0,,,,,,,1.54e-08,9.85603e-09,2026-02-19
50,121,Sn,96,244,Cm,0,,,,,,,9.77003e-08,6.25282e-08,2026-02-19
50,121,Sn,96,244,Cm,1,,,,,,,2.39001e-07,1.5296e-07,2026-02-19
50,122,Sn,96,244,Cm,0,,,,,,,5.75002e-06,3.68001e-06,2026-02-19
50,123,Sn,96,244,Cm,0,,,,,,,1.555e-05,9.95203e-06,2026-02-19
50,123,Sn,96,244,Cm,1,,,,,,,6.35002e-06,4.06401e-06,2026-02-19
50,124,Sn,96,244,Cm,0,,,,,,,5.56302e-05,3.56033e-05,2026-02-19
50,125,Sn,96,244,Cm,0,,,,,,,7.86603e-05,5.03426e-05,2026-02-19
50,125,Sn,96,244,Cm,1,,,,,,,3.21301e-05,2.05633e-05,2026-02-19
50,126,Sn,96,244,Cm,0,,,,,,,0.000579662,0.000370984,2026-02-19
50,127,Sn,96,244,Cm,0,,,,,,,0.00123399,0.000789756,2026-02-19
50,127,Sn,96,244,Cm,1,,,,,,,0.000504032,0.00032258,2026-02-19
50,128,Sn,96,244,Cm,0,,,,,,,0.00214858,0.00137509,2026-02-19
50,128,Sn,96,244,Cm,1,,,,,,,0.00214858,0.00137509,2026-02-19
50,129,Sn,96,244,Cm,0,,,,,,,0.00298038,0.00190744,2026-02-19
50,129,Sn,96,244,Cm,1,,,,,,,0.0012162,0.00077837,2026-02-19
50,130,Sn,96,244,Cm,0,,,,,,,0.00444448,0.00284447,2026-02-19
50,130,Sn,96,244,Cm,1,,,,,,,0.00444448,0.00284447,2026-02-19
50,131,Sn,96,244,Cm,0,,,,,,,0.00239669,0.00153388,2026-02-19
50,131,Sn,96,244,Cm,1,,,,,,,0.00239669,0.00153388,2026-02-19
50,132,Sn,96,244,Cm,0,,,,,,,0.0016343,0.00104595,2026-02-19
50,133,Sn,96,244,Cm,0,,,,,,,0.000247691,0.000158522,2026-02-19
50,134,Sn,96,244,Cm,0,,,,,,,2.45401e-05,1.57057e-05,2026-02-19
50,135,Sn,96,244,Cm,0,,,,,,,1.09998e-06,7.03984e-07,2026-02-19
50,136,Sn,96,244,Cm,0,,,,,,,3.45001e-08,2.20801e-08,2026-02-19
50,137,Sn,96,244,Cm,0,,,,,,,5.36002e-10,3.43041e-10,2026-02-19
50,138,Sn,96,244,Cm,0,,,,,,,5.77002e-12,3.69281e-12,2026-02-19
50,139,Sn,96,244,Cm,0,,,,,,,1.56562e-13,1.002e-13,2026-02-19
51,113,Sb,96,244,Cm,0,,,,,,,0,0,2026-02-19
51,115,Sb,96,244,Cm,0,,,,,,,0,0,2026-02-19
51,117,Sb,96,244,Cm,0,,,,,,,0,0,2026-02-19
51,118,Sb,96,244,Cm,0,,,,,,,0,0,2026-02-19
51,118,Sb,96,244,Cm,1,,,,,,,0,0,2026-02-19
51,119,Sb,96,244,Cm,0,,,,,,,0,0,2026-02-19
51,120,Sb,96,244,Cm,0,,,,,,,1.49e-12,9.53603e-13,2026-02-19
51,120,Sb,96,244,Cm,1,,,,,,,2.14001e-12,1.3696e-12,2026-02-19
51,121,Sb,96,244,Cm,0,,,,,,,7.81002e-10,4.99842e-10,2026-02-19
51,122,Sb,96,244,Cm,0,,,,,,,3.06001e-08,1.95841e-08,2026-02-19
51,122,Sb,96,244,Cm,1,,,,,,,3.45001e-08,2.20801e-08,2026-02-19
51,123,Sb,96,244,Cm,0,,,,,,,3.62001e-08,2.31681e-08,2026-02-19
51,124,Sb,96,244,Cm,0,,,,,,,5.67335e-08,3.63094e-08,2026-02-19
51,124,Sb,96,244,Cm,1,,,,,,,5.67335e-08,3.63094e-08,2026-02-19
51,124,Sb,96,244,Cm,2,,,,,,,5.67335e-08,3.63094e-08,2026-02-19
51,125,Sb,96,244,Cm,0,,,,,,,9.78003e-07,6.25922e-07,2026-02-19
51,126,Sb,96,244,Cm,0,,,,,,,3.90001e-06,2.49601e-06,2026-02-19
51,126,Sb,96,244,Cm,1,,,,,,,3.32001e-06,2.12481e-06,2026-02-19
51,126,Sb,96,244,Cm,2,,,,,,,3.32001e-06,2.12481e-06,2026-02-19
51,127,Sb,96,244,Cm,0,,,,,,,9.20403e-05,5.89058e-05,2026-02-19
51,128,Sb,96,244,Cm,0,,,,,,,0.000159621,0.000102157,2026-02-19
51,128,Sb,96,244,Cm,1,,,,,,,0.000271781,0.00017394,2026-02-19
51,129,Sb,96,244,Cm,0,,,,,,,0.00188162,0.00120423,2026-02-19
51,130,Sb,96,244,Cm,0,,,,,,,0.00332485,0.0021279,2026-02-19
51,130,Sb,96,244,Cm,1,,,,,,,0.00566124,0.00362319,2026-02-19
51,131,Sb,96,244,Cm,0,,,,,,,0.0170382,0.00545223,2026-02-19
51,132,Sb,96,244,Cm,0,,,,,,,0.00844245,0.00540317,2026-02-19
51,132,Sb,96,244,Cm,1,,,,,,,0.00611349,0.00391263,2026-02-19
51,133,Sb,96,244,Cm,0,,,,,,,0.00940762,0.00602088,2026-02-19
51,134,Sb,96,244,Cm,0,,,,,,,0.00135132,0.000864848,2026-02-19
51,134,Sb,96,244,Cm,1,,,,,,,0.00135132,0.000864848,2026-02-19
51,135,Sb,96,244,Cm,0,,,,,,,0.000553152,0.000354017,2026-02-19
51,136,Sb,96,244,Cm,0,,,,,,,5.06402e-05,3.24097e-05,2026-02-19
51,137,Sb,96,244,Cm,0,,,,,,,3.54001e-06,2.26561e-06,2026-02-19
51,138,Sb,96,244,Cm,0,,,,,,,1.11e-07,7.10402e-08,2026-02-19
51,139,Sb,96,244,Cm,0,,,,,,,2.85985e-09,1.83031e-09,2026-02-19
51,140,Sb,96,244,Cm,0,,,,,,,1.74011e-11,1.11367e-11,2026-02-19
51,141,Sb,96,244,Cm,0,,,,,,,1.47718e-12,9.45393e-13,2026-02-19
52,115,Te,96,244,Cm,0,,,,,,,0,0,2026-02-19
52,117,Te,96,244,Cm,0,,,,,,,0,0,2026-02-19
52,118,Te,96,244,Cm,0,,,,,,,0,0,2026-02-19
52,119,Te,96,244,Cm,0,,,,,,,0,0,2026-02-19
52,120,Te,96,244,Cm,0,,,,,,,0,0,2026-02-19
52,121,Te,96,244,Cm,0,,,,,,,6.75002e-14,4.32001e-14,2026-02-19
52,121,Te,96,244,Cm,1,,,,,,,6.75002e-14,4.32001e-14,2026-02-19
52,122,Te,96,244,Cm,0,,,,,,,9.11003e-11,5.83042e-11,2026-02-19
52,123,Te,96,244,Cm,0,,,,,,,1.25e-14,8.00003e-15,2026-02-19
52,123,Te,96,244,Cm,1,,,,,,,4.19001e-14,2.68161e-14,2026-02-19
52,124,Te,96,244,Cm,0,,,,,,,8.04003e-13,5.14562e-13,2026-02-19
52,125,Te,96,244,Cm,0,,,,,,,2.38001e-12,1.5232e-12,2026-02-19
52,125,Te,96,244,Cm,1,,,,,,,7.95003e-12,5.08802e-12,2026-02-19
52,126,Te,96,244,Cm,0,,,,,,,4.34001e-10,2.77761e-10,2026-02-19
52,127,Te,96,244,Cm,0,,,,,,,2.80001e-09,1.79201e-09,2026-02-19
52,127,Te,96,244,Cm,1,,,,,,,6.85002e-09,4.38401e-09,2026-02-19
52,128,Te,96,244,Cm,0,,,,,,,1.84001e-07,1.1776e-07,2026-02-19
52,129,Te,96,244,Cm,0,,,,,,,2.96301e-05,1.89633e-05,2026-02-19
52,129,Te,96,244,Cm,1,,,,,,,7.25502e-05,4.64321e-05,2026-02-19
52,130,Te,96,244,Cm,0,,,,,,,0.00178746,0.00114397,2026-02-19
52,131,Te,96,244,Cm,0,,,,,,,0.00229296,0.00146749,2026-02-19
52,131,Te,96,244,Cm,1,,,,,,,0.00571668,0.00365867,2026-02-19
52,132,Te,96,244,Cm,0,,,,,,,0.0244711,0.00562836,2026-02-19
52,133,Te,96,244,Cm,0,,,,,,,0.0113816,0.00364211,2026-02-19
52,133,Te,96,244,Cm,1,,,,,,,0.0278654,0.00891693,2026-02-19
52,134,Te,96,244,Cm,0,,,,,,,0.0430465,0.0137749,2026-02-19
52,135,Te,96,244,Cm,0,,,,,,,0.0236946,0.00758226,2026-02-19
52,136,Te,96,244,Cm,0,,,,,,,0.00881746,0.00564317,2026-02-19
52,137,Te,96,244,Cm,0,,,,,,,0.00172913,0.00110664,2026-02-19
52,138,Te,96,244,Cm,0,,,,,,,0.000229501,0.00014688,2026-02-19
52,139,Te,96,244,Cm,0,,,,,,,1.68901e-05,1.08096e-05,2026-02-19
52,140,Te,96,244,Cm,0,,,,,,,9.26986e-07,5.93271e-07,2026-02-19
52,141,Te,96,244,Cm,0,,,,,,,5.8239e-08,3.7273e-08,2026-02-19
52,142,Te,96,244,Cm,0,,,,,,,4.30001e-10,2.75201e-10,2026-02-19
52,143,Te,96,244,Cm,0,,,,,,,4.32808e-12,2.76997e-12,2026-02-19
52,144,Te,96,244,Cm,0,,,,,,,4.09109e-13,2.6183e-13,2026-02-19
53,121,I,96,244,Cm,0,,,,,,,0,0,2026-02-19
53,123,I,96,244,Cm,0,,,,,,,0,0,2026-02-19
53,125,I,96,244,Cm,0,,,,,,,0,0,2026-02-19
53,126,I,96,244,Cm,0,,,,,,,0,0,2026-02-19
53,127,I,96,244,Cm,0,,,,,,,0,0,2026-02-19
53,128,I,96,244,Cm,0,,,,,,,1.35e-14,8.64003e-15,2026-02-19
53,129,I,96,244,Cm,0,,,,,,,1.69001e-07,1.0816e-07,2026-02-19
53,130,I,96,244,Cm,0,,,,,,,5.67002e-06,3.62881e-06,2026-02-19
53,130,I,96,244,Cm,1,,,,,,,2.43001e-06,1.5552e-06,2026-02-19
53,131,I,96,244,Cm,0,,,,,,,0.0001497,9.58083e-05,2026-02-19
53,132,I,96,244,Cm,0,,,,,,,0.000634442,0.000406043,2026-02-19
53,132,I,96,244,Cm,1,,,,,,,0.000634442,0.000406043,2026-02-19
53,133,I,96,244,Cm,0,,,,,,,0.00377138,0.00241368,2026-02-19
53,133,I,96,244,Cm,1,,,,,,,0.00377138,0.00241368,2026-02-19
53,134,I,96,244,Cm,0,,,,,,,0.0118678,0.00379769,2026-02-19
53,134,I,96,244,Cm,1,,,,,,,0.00859591,0.00386816,2026-02-19
53,135,I,96,244,Cm,0,,,,,,,0.040893,0.00654287,2026-02-19
53,136,I,96,244,Cm,0,,,,,,,0.01794,0.00574079,2026-02-19
53,136,I,96,244,Cm,1,,,,,,,0.0179173,0.00573355,2026-02-19
53,137,I,96,244,Cm,0,,,,,,,0.0264117,0.00845175,2026-02-19
53,138,I,96,244,Cm,0,,,,,,,0.0089456,0.00572518,2026-02-19
53,139,I,96,244,Cm,0,,,,,,,0.00265963,0.00170216,2026-02-19
53,140,I,96,244,Cm,0,,,,,,,0.000391051,0.000250273,2026-02-19
53,141,I,96,244,Cm,0,,,,,,,4.50419e-05,2.88268e-05,2026-02-19
53,142,I,96,244,Cm,0,,,,,,,2.17001e-06,1.3888e-06,2026-02-19
53,143,I,96,244,Cm,0,,,,,,,7.90594e-08,5.0598e-08,2026-02-19
53,144,I,96,244,Cm,0,,,,,,,5.53073e-09,3.53966e-09,2026-02-19
53,145,I,96,244,Cm,0,,,,,,,1.15404e-11,7.38584e-12,2026-02-19
53,146,I,96,244,Cm,0,,,,,,,1.68942e-13,1.08123e-13,2026-02-19
54,124,Xe,96,244,Cm,0,,,,,,,0,0,2026-02-19
54,125,Xe,96,244,Cm,0,,,,,,,0,0,2026-02-19
54,125,Xe,96,244,Cm,1,,,,,,,0,0,2026-02-19
54,126,Xe,96,244,Cm,0,,,,,,,0,0,2026-02-19
54,127,Xe,96,244,Cm,0,,,,,,,0,0,2026-02-19
54,127,Xe,96,244,Cm,1,,,,,,,0,0,2026-02-19
54,128,Xe,96,244,Cm,0,,,,,,,0,0,2026-02-19
54,129,Xe,96,244,Cm,0,,,,,,,1.03e-11,6.59202e-12,2026-02-19
54,129,Xe,96,244,Cm,1,,,,,,,1.03e-11,6.59202e-12,2026-02-19
54,130,Xe,96,244,Cm,0,,,,,,,4.30001e-09,2.75201e-09,2026-02-19
54,131,Xe,96,244,Cm,0,,,,,,,6.48002e-08,4.14721e-08,2026-02-19
54,131,Xe,96,244,Cm,1,,,,,,,1.59001e-07,1.0176e-07,2026-02-19
54,132,Xe,96,244,Cm,0,,,,,,,8.48003e-06,5.42722e-06,2026-02-19
54,133,Xe,96,244,Cm,0,,,,,,,4.64501e-05,2.97281e-05,2026-02-19
54,133,Xe,96,244,Cm,1,,,,,,,0.00011373,7.27874e-05,2026-02-19
54,134,Xe,96,244,Cm,0,,,,,,,0.000538382,0.000344564,2026-02-19
54,134,Xe,96,244,Cm,1,,,,,,,0.00125623,0.00080399,2026-02-19
54,135,Xe,96,244,Cm,0,,,,,,,0.00291355,0.00186467,2026-02-19
54,135,Xe,96,244,Cm,1,,,,,,,0.00668359,0.0042775,2026-02-19
54,136,Xe,96,244,Cm,0,,,,,,,0.0290382,0.00929223,2026-02-19
54,137,Xe,96,244,Cm,0,,,,,,,0.048443,0.0155018,2026-02-19
54,138,Xe,96,244,Cm,0,,,,,,,0.0563344,0.0129569,2026-02-19
54,139,Xe,96,244,Cm,0,,,,,,,0.0394696,0.0126303,2026-02-19
54,140,Xe,96,244,Cm,0,,,,,,,0.0211991,0.00678371,2026-02-19
54,141,Xe,96,244,Cm,0,,,,,,,0.00619839,0.00396697,2026-02-19
54,142,Xe,96,244,Cm,0,,,,,,,0.00122412,0.000783439,2026-02-19
54,143,Xe,96,244,Cm,0,,,,,,,6.59857e-05,4.22308e-05,2026-02-19
54,143,Xe,96,244,Cm,1,,,,,,,6.59857e-05,4.22308e-05,2026-02-19
54,144,Xe,96,244,Cm,0,,,,,,,1.24745e-05,7.98369e-06,2026-02-19
54,145,Xe,96,244,Cm,0,,,,,,,4.5499e-07,2.91194e-07,2026-02-19
54,146,Xe,96,244,Cm,0,,,,,,,8.99986e-09,5.75991e-09,2026-02-19
54,147,Xe,96,244,Cm,0,,,,,,,8.71581e-12,5.57812e-12,2026-02-19
54,148,Xe,96,244,Cm,0,,,,,,,4.29001e-13,2.74561e-13,2026-02-19
54,150,Xe,96,244,Cm,0,,,,,,,0,0,2026-02-19
55,127,Cs,96,244,Cm,0,,,,,,,0,0,2026-02-19
55,129,Cs,96,244,Cm,0,,,,,,,0,0,2026-02-19
55,131,Cs,96,244,Cm,0,,,,,,,8.78003e-12,5.61922e-12,2026-02-19
55,132,Cs,96,244,Cm,0,,,,,,,1.03e-09,6.59202e-10,2026-02-19
55,133,Cs,96,244,Cm,0,,,,,,,9.44003e-08,6.04162e-08,2026-02-19
55,134,Cs,96,244,Cm,0,,,,,,,1.64001e-06,1.0496e-06,2026-02-19
55,134,Cs,96,244,Cm,1,,,,,,,1.64001e-06,1.0496e-06,2026-02-19
55,135,Cs,96,244,Cm,0,,,,,,,3.83601e-05,2.45505e-05,2026-02-19
55,135,Cs,96,244,Cm,1,,,,,,,3.83601e-05,2.45505e-05,2026-02-19
55,136,Cs,96,244,Cm,0,,,,,,,0.000318261,0.000203687,2026-02-19
55,136,Cs,96,244,Cm,1,,,,,,,0.000318261,0.000203687,2026-02-19
55,137,Cs,96,244,Cm,0,,,,,,,0.00411093,0.002631,2026-02-19
55,138,Cs,96,244,Cm,0,,,,,,,0.00550634,0.00352406,2026-02-19
55,138,Cs,96,244,Cm,1,,,,,,,0.00550962,0.00352616,2026-02-19
55,139,Cs,96,244,Cm,0,,,,,,,0.0259023,0.00828873,2026-02-19
55,140,Cs,96,244,Cm,0,,,,,,,0.030562,0.00977986,2026-02-19
55,141,Cs,96,244,Cm,0,,,,,,,0.0302071,0.00966627,2026-02-19
55,142,Cs,96,244,Cm,0,,,,,,,0.0143797,0.00460151,2026-02-19
55,143,Cs,96,244,Cm,0,,,,,,,0.00579972,0.00371182,2026-02-19
55,144,Cs,96,244,Cm,0,,,,,,,0.00141598,0.00090623,2026-02-19
55,145,Cs,96,244,Cm,0,,,,,,,0.000228851,0.000146464,2026-02-19
55,146,Cs,96,244,Cm,0,,,,,,,1.454e-05,9.30563e-06,2026-02-19
55,147,Cs,96,244,Cm,0,,,,,,,1.59208e-07,1.01893e-07,2026-02-19
55,148,Cs,96,244,Cm,0,,,,,,,1.1e-08,7.04002e-09,2026-02-19
55,149,Cs,96,244,Cm,0,,,,,,,4.21033e-11,2.69461e-11,2026-02-19
55,150,Cs,96,244,Cm,0,,,,,,,1.37e-12,8.76803e-13,2026-02-19
55,151,Cs,96,244,Cm,0,,,,,,,7.3695e-14,4.71648e-14,2026-02-19
56,129,Ba,96,244,Cm,0,,,,,,,0,0,2026-02-19
56,131,Ba,96,244,Cm,0,,,,,,,0,0,2026-02-19
56,132,Ba,96,244,Cm,0,,,,,,,1.3e-14,8.32003e-15,2026-02-19
56,133,Ba,96,244,Cm,0,,,,,,,4.00001e-12,2.56001e-12,2026-02-19
56,134,Ba,96,244,Cm,0,,,,,,,6.74002e-10,4.31361e-10,2026-02-19
56,135,Ba,96,244,Cm,0,,,,,,,2.49001e-08,1.59361e-08,2026-02-19
56,135,Ba,96,244,Cm,1,,,,,,,2.49001e-08,1.59361e-08,2026-02-19
56,136,Ba,96,244,Cm,0,,,,,,,9.10003e-07,5.82402e-07,2026-02-19
56,136,Ba,96,244,Cm,1,,,,,,,9.10003e-07,5.82402e-07,2026-02-19
56,137,Ba,96,244,Cm,0,,,,,,,9.46003e-06,6.05442e-06,2026-02-19
56,137,Ba,96,244,Cm,1,,,,,,,2.31601e-05,1.48224e-05,2026-02-19
56,138,Ba,96,244,Cm,0,,,,,,,0.000357451,0.000228769,2026-02-19
56,139,Ba,96,244,Cm,0,,,,,,,0.00214785,0.00137462,2026-02-19
56,140,Ba,96,244,Cm,0,,,,,,,0.00881352,0.00564065,2026-02-19
56,141,Ba,96,244,Cm,0,,,,,,,0.0192481,0.00615938,2026-02-19
56,142,Ba,96,244,Cm,0,,,,,,,0.0310597,0.00993911,2026-02-19
56,143,Ba,96,244,Cm,0,,,,,,,0.0275374,0.00881197,2026-02-19
56,144,Ba,96,244,Cm,0,,,,,,,0.0231802,0.00741767,2026-02-19
56,145,Ba,96,244,Cm,0,,,,,,,0.0098044,0.00627482,2026-02-19
56,146,Ba,96,244,Cm,0,,,,,,,0.00276718,0.00177099,2026-02-19
56,147,Ba,96,244,Cm,0,,,,,,,0.000265762,0.000170087,2026-02-19
56,148,Ba,96,244,Cm,0,,,,,,,3.01901e-05,1.93217e-05,2026-02-19
56,149,Ba,96,244,Cm,0,,,,,,,1.65996e-06,1.06238e-06,2026-02-19
56,150,Ba,96,244,Cm,0,,,,,,,5.21002e-08,3.33441e-08,2026-02-19
56,151,Ba,96,244,Cm,0,,,,,,,2.9055e-09,1.85952e-09,2026-02-19
56,152,Ba,96,244,Cm,0,,,,,,,1.13e-11,7.23202e-12,2026-02-19
56,153,Ba,96,244,Cm,0,,,,,,,1.60394e-13,1.02652e-13,2026-02-19
56,154,Ba,96,244,Cm,0,,,,,,,0,0,2026-02-19
57,133,La,96,244,Cm,0,,,,,,,0,0,2026-02-19
57,135,La,96,244,Cm,0,,,,,,,7.97003e-13,5.10082e-13,2026-02-19
57,137,La,96,244,Cm,0,,,,,,,7.12002e-09,4.55681e-09,2026-02-19
57,138,La,96,244,Cm,0,,,,,,,2.22001e-07,1.4208e-07,2026-02-19
57,139,La,96,244,Cm,0,,,,,,,5.53002e-06,3.53921e-06,2026-02-19
57,140,La,96,244,Cm,0,,,,,,,5.97102e-05,3.82145e-05,2026-02-19
57,141,La,96,244,Cm,0,,,,,,,0.000507862,0.000325031,2026-02-19
57,142,La,96,244,Cm,0,,,,,,,0.00200635,0.00128406,2026-02-19
57,143,La,96,244,Cm,0,,,,,,,0.00639431,0.00409236,2026-02-19
57,144,La,96,244,Cm,0,,,,,,,0.0111136,0.00355635,2026-02-19
57,145,La,96,244,Cm,0,,,,,,,0.0169458,0.00542266,2026-02-19
57,146,La,96,244,Cm,0,,,,,,,0.00609713,0.00390216,2026-02-19
57,146,La,96,244,Cm,1,,,,,,,0.00609713,0.00390216,2026-02-19
57,147,La,96,244,Cm,0,,,,,,,0.00508535,0.00325462,2026-02-19
57,148,La,96,244,Cm,0,,,,,,,0.00153225,0.000980643,2026-02-19
57,149,La,96,244,Cm,0,,,,,,,0.000365281,0.00023378,2026-02-19
57,150,La,96,244,Cm,0,,,,,,,3.29101e-05,2.10625e-05,2026-02-19
57,151,La,96,244,Cm,0,,,,,,,2.2471e-06,1.43815e-06,2026-02-19
57,152,La,96,244,Cm,0,,,,,,,8.92003e-08,5.70882e-08,2026-02-19
57,153,La,96,244,Cm,0,,,,,,,2.92985e-09,1.8751e-09,2026-02-19
57,154,La,96,244,Cm,0,,,,,,,4.64001e-11,2.96961e-11,2026-02-19
57,155,La,96,244,Cm,0,,,,,,,4.4386e-13,2.84071e-13,2026-02-19
57,156,La,96,244,Cm,0,,,,,,,7.45224e-15,4.76943e-15,2026-02-19
58,135,Ce,96,244,Cm,0,,,,,,,0,0,2026-02-19
58,137,Ce,96,244,Cm,0,,,,,,,1.08e-13,6.91202e-14,2026-02-19
58,138,Ce,96,244,Cm,0,,,,,,,1.5e-11,9.60003e-12,2026-02-19
58,139,Ce,96,244,Cm,0,,,,,,,3.14001e-10,2.00961e-10,2026-02-19
58,139,Ce,96,244,Cm,1,,,,,,,7.69002e-10,4.92162e-10,2026-02-19
58,140,Ce,96,244,Cm,0,,,,,,,4.92002e-08,3.14881e-08,2026-02-19
58,141,Ce,96,244,Cm,0,,,,,,,1.14e-06,7.29602e-07,2026-02-19
58,142,Ce,96,244,Cm,0,,,,,,,1.88301e-05,1.20512e-05,2026-02-19
58,143,Ce,96,244,Cm,0,,,,,,,0.00014791,9.46627e-05,2026-02-19
58,144,Ce,96,244,Cm,0,,,,,,,0.00104956,0.000671721,2026-02-19
58,145,Ce,96,244,Cm,0,,,,,,,0.00387156,0.0024778,2026-02-19
58,146,Ce,96,244,Cm,0,,,,,,,0.0106483,0.00340746,2026-02-19
58,147,Ce,96,244,Cm,0,,,,,,,0.0132545,0.00596452,2026-02-19
58,148,Ce,96,244,Cm,0,,,,,,,0.0122215,0.00391088,2026-02-19
58,149,Ce,96,244,Cm,0,,,,,,,0.00733208,0.00469253,2026-02-19
58,150,Ce,96,244,Cm,0,,,,,,,0.00259336,0.00165975,2026-02-19
58,151,Ce,96,244,Cm,0,,,,,,,0.000470211,0.000300935,2026-02-19
58,152,Ce,96,244,Cm,0,,,,,,,7.74202e-05,4.9549e-05,2026-02-19
58,153,Ce,96,244,Cm,0,,,,,,,7.16002e-06,4.58241e-06,2026-02-19
58,154,Ce,96,244,Cm,0,,,,,,,4.77002e-07,3.05281e-07,2026-02-19
58,155,Ce,96,244,Cm,0,,,,,,,1.74996e-08,1.11998e-08,2026-02-19
58,156,Ce,96,244,Cm,0,,,,,,,3.96994e-10,2.54076e-10,2026-02-19
58,157,Ce,96,244,Cm,0,,,,,,,5.37002e-12,3.43681e-12,2026-02-19
58,158,Ce,96,244,Cm,0,,,,,,,4.52001e-14,2.89281e-14,2026-02-19
58,159,Ce,96,244,Cm,0,,,,,,,1.24264e-15,7.9529e-16,2026-02-19
58,160,Ce,96,244,Cm,0,,,,,,,0,0,2026-02-19
59,139,Pr,96,244,Cm,0,,,,,,,0,0,2026-02-19
59,140,Pr,96,244,Cm,0,,,,,,,6.61002e-13,4.23041e-13,2026-02-19
59,141,Pr,96,244,Cm,0,,,,,,,6.41002e-11,4.10241e-11,2026-02-19
59,142,Pr,96,244,Cm,0,,,,,,,1.57001e-09,1.0048e-09,2026-02-19
59,142,Pr,96,244,Cm,1,,,,,,,1.57001e-09,1.0048e-09,2026-02-19
59,143,Pr,96,244,Cm,0,,,,,,,1.06e-07,6.78402e-08,2026-02-19
59,144,Pr,96,244,Cm,0,,,,,,,1.81001e-07,1.1584e-07,2026-02-19
59,144,Pr,96,244,Cm,1,,,,,,,1.63001e-06,1.0432e-06,2026-02-19
59,145,Pr,96,244,Cm,0,,,,,,,3.17801e-05,2.03393e-05,2026-02-19
59,146,Pr,96,244,Cm,0,,,,,,,0.000254111,0.000162631,2026-02-19
59,147,Pr,96,244,Cm,0,,,,,,,0.00119521,0.000764937,2026-02-19
59,148,Pr,96,244,Cm,0,,,,,,,0.0015027,0.000961731,2026-02-19
59,148,Pr,96,244,Cm,1,,,,,,,0.0015027,0.000961731,2026-02-19
59,149,Pr,96,244,Cm,0,,,,,,,0.00611114,0.00391113,2026-02-19
59,150,Pr,96,244,Cm,0,,,,,,,0.00521398,0.00333695,2026-02-19
59,151,Pr,96,244,Cm,0,,,,,,,0.00333125,0.002132,2026-02-19
59,152,Pr,96,244,Cm,0,,,,,,,0.00134797,0.000862704,2026-02-19
59,153,Pr,96,244,Cm,0,,,,,,,0.000488312,0.000312519,2026-02-19
59,154,Pr,96,244,Cm,0,,,,,,,8.53403e-05,5.46178e-05,2026-02-19
59,155,Pr,96,244,Cm,0,,,,,,,1.239e-05,7.92963e-06,2026-02-19
59,156,Pr,96,244,Cm,0,,,,,,,7.74002e-07,4.95362e-07,2026-02-19
59,157,Pr,96,244,Cm,0,,,,,,,4.29001e-08,2.74561e-08,2026-02-19
59,158,Pr,96,244,Cm,0,,,,,,,9.88003e-10,6.32322e-10,2026-02-19
59,159,Pr,96,244,Cm,0,,,,,,,2.26988e-11,1.45273e-11,2026-02-19
59,160,Pr,96,244,Cm,0,,,,,,,2.12001e-13,1.3568e-13,2026-02-19
59,161,Pr,96,244,Cm,0,,,,,,,3.09434e-15,1.98038e-15,2026-02-19
60,140,Nd,96,244,Cm,0,,,,,,,0,0,2026-02-19
60,141,Nd,96,244,Cm,0,,,,,,,0,0,2026-02-19
60,142,Nd,96,244,Cm,0,,,,,,,5.48002e-14,3.50721e-14,2026-02-19
60,143,Nd,96,244,Cm,0,,,,,,,5.26002e-12,3.36641e-12,2026-02-19
60,144,Nd,96,244,Cm,0,,,,,,,3.84001e-10,2.45761e-10,2026-02-19
60,145,Nd,96,244,Cm,0,,,,,,,2.06001e-08,1.3184e-08,2026-02-19
60,146,Nd,96,244,Cm,0,,,,,,,7.96003e-07,5.09442e-07,2026-02-19
60,147,Nd,96,244,Cm,0,,,,,,,1.23e-05,7.87203e-06,2026-02-19
60,148,Nd,96,244,Cm,0,,,,,,,0.00012639,8.08899e-05,2026-02-19
60,149,Nd,96,244,Cm,0,,,,,,,0.000709782,0.000454261,2026-02-19
60,150,Nd,96,244,Cm,0,,,,,,,0.00211263,0.00135208,2026-02-19
60,151,Nd,96,244,Cm,0,,,,,,,0.00304453,0.0019485,2026-02-19
60,152,Nd,96,244,Cm,0,,,,,,,0.00415067,0.0018678,2026-02-19
60,153,Nd,96,244,Cm,0,,,,,,,0.0033722,0.00215821,2026-02-19
60,154,Nd,96,244,Cm,0,,,,,,,0.00210665,0.00134825,2026-02-19
60,155,Nd,96,244,Cm,0,,,,,,,0.000727832,0.000465813,2026-02-19
60,156,Nd,96,244,Cm,0,,,,,,,0.000176321,0.000112845,2026-02-19
60,157,Nd,96,244,Cm,0,,,,,,,2.51901e-05,1.61217e-05,2026-02-19
60,158,Nd,96,244,Cm,0,,,,,,,2.32001e-06,1.4848e-06,2026-02-19
60,159,Nd,96,244,Cm,0,,,,,,,1.43e-07,9.15203e-08,2026-02-19
60,160,Nd,96,244,Cm,0,,,,,,,5.67002e-09,3.62881e-09,2026-02-19
60,161,Nd,96,244,Cm,0,,,,,,,1.21997e-10,7.80783e-11,2026-02-19
60,162,Nd,96,244,Cm,0,,,,,,,1.91001e-12,1.2224e-12,2026-02-19
60,163,Nd,96,244,Cm,0,,,,,,,1.49e-14,9.53603e-15,2026-02-19
60,164,Nd,96,244,Cm,0,,,,,,,0,0,2026-02-19
61,141,Pm,96,244,Cm,0,,,,,,,0,0,2026-02-19
61,143,Pm,96,244,Cm,0,,,,,,,0,0,2026-02-19
61,144,Pm,96,244,Cm,0,,,,,,,0,0,2026-02-19
61,145,Pm,96,244,Cm,0,,,,,,,3.30001e-13,2.11201e-13,2026-02-19
61,146,Pm,96,244,Cm,0,,,,,,,4.24001e-11,2.71361e-11,2026-02-19
61,147,Pm,96,244,Cm,0,,,,,,,4.38001e-09,2.80321e-09,2026-02-19
61,148,Pm,96,244,Cm,0,,,,,,,3.12001e-08,1.99681e-08,2026-02-19
61,148,Pm,96,244,Cm,1,,,,,,,7.27002e-08,4.65281e-08,2026-02-19
61,149,Pm,96,244,Cm,0,,,,,,,2.69001e-06,1.72161e-06,2026-02-19
61,150,Pm,96,244,Cm,0,,,,,,,2.12801e-05,1.36192e-05,2026-02-19
61,151,Pm,96,244,Cm,0,,,,,,,0.00011835,7.57442e-05,2026-02-19
61,152,Pm,96,244,Cm,0,,,,,,,0.000129987,8.31917e-05,2026-02-19
61,152,Pm,96,244,Cm,1,,,,,,,0.000129987,8.31917e-05,2026-02-19
61,152,Pm,96,244,Cm,2,,,,,,,0.000129987,8.31917e-05,2026-02-19
61,153,Pm,96,244,Cm,0,,,,,,,0.00109621,0.000701577,2026-02-19
61,154,Pm,96,244,Cm,0,,,,,,,0.000748352,0.000478946,2026-02-19
61,154,Pm,96,244,Cm,1,,,,,,,0.000748352,0.000478946,2026-02-19
61,155,Pm,96,244,Cm,0,,,,,,,0.0016661,0.0010663,2026-02-19
61,156,Pm,96,244,Cm,0,,,,,,,0.000912113,0.000583752,2026-02-19
61,157,Pm,96,244,Cm,0,,,,,,,0.000455291,0.000291387,2026-02-19
61,158,Pm,96,244,Cm,0,,,,,,,0.00010146,6.49346e-05,2026-02-19
61,159,Pm,96,244,Cm,0,,,,,,,2.38601e-05,1.52704e-05,2026-02-19
61,160,Pm,96,244,Cm,0,,,,,,,2.55001e-06,1.63201e-06,2026-02-19
61,161,Pm,96,244,Cm,0,,,,,,,2.20001e-07,1.408e-07,2026-02-19
61,162,Pm,96,244,Cm,0,,,,,,,9.34003e-09,5.97762e-09,2026-02-19
61,163,Pm,96,244,Cm,0,,,,,,,3.01001e-10,1.92641e-10,2026-02-19
61,164,Pm,96,244,Cm,0,,,,,,,4.98002e-12,3.18721e-12,2026-02-19
61,165,Pm,96,244,Cm,0,,,,,,,7.10002e-14,4.54401e-14,2026-02-19
61,166,Pm,96,244,Cm,0,,,,,,,6.85156e-16,4.385e-16,2026-02-19
62,143,Sm,96,244,Cm,0,,,,,,,0,0,2026-02-19
62,143,Sm,96,244,Cm,1,,,,,,,0,0,2026-02-19
62,144,Sm,96,244,Cm,0,,,,,,,0,0,2026-02-19
62,145,Sm,96,244,Cm,0,,,,,,,0,0,2026-02-19
62,146,Sm,96,244,Cm,0,,,,,,,0,0,2026-02-19
62,147,Sm,96,244,Cm,0,,,,,,,8.59003e-14,5.49762e-14,2026-02-19
62,148,Sm,96,244,Cm,0,,,,,,,9.32003e-12,5.96482e-12,2026-02-19
62,149,Sm,96,244,Cm,0,,,,,,,6.94002e-10,4.44161e-10,2026-02-19
62,150,Sm,96,244,Cm,0,,,,,,,2.63001e-08,1.68321e-08,2026-02-19
62,151,Sm,96,244,Cm,0,,,,,,,4.10001e-07,2.62401e-07,2026-02-19
62,152,Sm,96,244,Cm,0,,,,,,,5.56002e-06,3.55841e-06,2026-02-19
62,153,Sm,96,244,Cm,0,,,,,,,4.16901e-05,2.66817e-05,2026-02-19
62,154,Sm,96,244,Cm,0,,,,,,,0.000203931,0.000130516,2026-02-19
62,155,Sm,96,244,Cm,0,,,,,,,0.000507742,0.000324955,2026-02-19
62,156,Sm,96,244,Cm,0,,,,,,,0.000926883,0.000593205,2026-02-19
62,157,Sm,96,244,Cm,0,,,,,,,0.000979353,0.000626786,2026-02-19
62,158,Sm,96,244,Cm,0,,,,,,,0.000710222,0.000454542,2026-02-19
62,159,Sm,96,244,Cm,0,,,,,,,0.000374041,0.000239386,2026-02-19
62,160,Sm,96,244,Cm,0,,,,,,,0.00014621,9.35747e-05,2026-02-19
62,161,Sm,96,244,Cm,0,,,,,,,3.10801e-05,1.98913e-05,2026-02-19
62,162,Sm,96,244,Cm,0,,,,,,,5.12002e-06,3.27681e-06,2026-02-19
62,163,Sm,96,244,Cm,0,,,,,,,4.33001e-07,2.77121e-07,2026-02-19
62,164,Sm,96,244,Cm,0,,,,,,,3.00001e-08,1.92001e-08,2026-02-19
62,165,Sm,96,244,Cm,0,,,,,,,1.16e-09,7.42402e-10,2026-02-19
62,166,Sm,96,244,Cm,0,,,,,,,3.64994e-11,2.33596e-11,2026-02-19
62,167,Sm,96,244,Cm,0,,,,,,,5.72002e-13,3.66081e-13,2026-02-19
62,168,Sm,96,244,Cm,0,,,,,,,0,0,2026-02-19
62,169,Sm,96,244,Cm,0,,,,,,,9.19663e-17,5.88584e-17,2026-02-19
62,170,Sm,96,244,Cm,0,,,,,,,0,0,2026-02-19
63,147,Eu,96,244,Cm,0,,,,,,,0,0,2026-02-19
63,149,Eu,96,244,Cm,0,,,,,,,0,0,2026-02-19
63,151,Eu,96,244,Cm,0,,,,,,,3.69001e-11,2.36161e-11,2026-02-19
63,152,Eu,96,244,Cm,0,,,,,,,4.80002e-10,3.07201e-10,2026-02-19
63,152,Eu,96,244,Cm,1,,,,,,,4.80002e-10,3.07201e-10,2026-02-19
63,152,Eu,96,244,Cm,2,,,,,,,4.80002e-10,3.07201e-10,2026-02-19
63,153,Eu,96,244,Cm,0,,,,,,,4.51001e-08,2.88641e-08,2026-02-19
63,154,Eu,96,244,Cm,0,,,,,,,3.03501e-07,1.94241e-07,2026-02-19
63,154,Eu,96,244,Cm,1,,,,,,,3.03501e-07,1.94241e-07,2026-02-19
63,155,Eu,96,244,Cm,0,,,,,,,5.76002e-06,3.68641e-06,2026-02-19
63,156,Eu,96,244,Cm,0,,,,,,,2.33201e-05,1.49248e-05,2026-02-19
63,157,Eu,96,244,Cm,0,,,,,,,9.64403e-05,6.17218e-05,2026-02-19
63,158,Eu,96,244,Cm,0,,,,,,,0.00015368,9.83555e-05,2026-02-19
63,159,Eu,96,244,Cm,0,,,,,,,0.000260641,0.00016681,2026-02-19
63,160,Eu,96,244,Cm,0,,,,,,,0.000221781,0.00014194,2026-02-19
63,161,Eu,96,244,Cm,0,,,,,,,0.00015555,9.95523e-05,2026-02-19
63,162,Eu,96,244,Cm,0,,,,,,,5.84602e-05,3.74145e-05,2026-02-19
63,163,Eu,96,244,Cm,0,,,,,,,1.79601e-05,1.14944e-05,2026-02-19
63,164,Eu,96,244,Cm,0,,,,,,,3.20001e-06,2.04801e-06,2026-02-19
63,165,Eu,96,244,Cm,0,,,,,,,4.84002e-07,3.09761e-07,2026-02-19
63,166,Eu,96,244,Cm,0,,,,,,,4.04001e-08,2.58561e-08,2026-02-19
63,167,Eu,96,244,Cm,0,,,,,,,2.58001e-09,1.65121e-09,2026-02-19
63,168,Eu,96,244,Cm,0,,,,,,,6.39002e-11,4.08961e-11,2026-02-19
63,169,Eu,96,244,Cm,0,,,,,,,1.67991e-12,1.07514e-12,2026-02-19
63,170,Eu,96,244,Cm,0,,,,,,,2.01001e-14,1.2864e-14,2026-02-19
63,171,Eu,96,244,Cm,0,,,,,,,2.11531e-16,1.3538e-16,2026-02-19
63,172,Eu,96,244,Cm,0,,,,,,,3.20991e-18,2.05434e-18,2026-02-19
64,147,Gd,96,244,Cm,0,,,,,,,0,0,2026-02-19
64,149,Gd,96,244,Cm,0,,,,,,,0,0,2026-02-19
64,151,Gd,96,244,Cm,0,,,,,,,0,0,2026-02-19
64,152,Gd,96,244,Cm,0,,,,,,,3.95001e-14,2.52801e-14,2026-02-19
64,153,Gd,96,244,Cm,0,,,,,,,3.62001e-12,2.31681e-12,2026-02-19
64,154,Gd,96,244,Cm,0,,,,,,,2.07001e-10,1.3248e-10,2026-02-19
64,155,Gd,96,244,Cm,0,,,,,,,5.28002e-09,3.37921e-09,2026-02-19
64,156,Gd,96,244,Cm,0,,,,,,,8.99003e-08,5.75362e-08,2026-02-19
64,157,Gd,96,244,Cm,0,,,,,,,9.35003e-07,5.98402e-07,2026-02-19
64,158,Gd,96,244,Cm,0,,,,,,,5.60002e-06,3.58401e-06,2026-02-19
64,159,Gd,96,244,Cm,0,,,,,,,2.25601e-05,1.44384e-05,2026-02-19
64,160,Gd,96,244,Cm,0,,,,,,,6.74302e-05,4.31553e-05,2026-02-19
64,161,Gd,96,244,Cm,0,,,,,,,0.00010236,6.55106e-05,2026-02-19
64,162,Gd,96,244,Cm,0,,,,,,,0.00012325,7.88803e-05,2026-02-19
64,163,Gd,96,244,Cm,0,,,,,,,8.09303e-05,5.17954e-05,2026-02-19
64,164,Gd,96,244,Cm,0,,,,,,,4.96602e-05,3.17825e-05,2026-02-19
64,165,Gd,96,244,Cm,0,,,,,,,1.75001e-05,1.12e-05,2026-02-19
64,166,Gd,96,244,Cm,0,,,,,,,5.39002e-06,3.44961e-06,2026-02-19
64,167,Gd,96,244,Cm,0,,,,,,,8.74003e-07,5.59362e-07,2026-02-19
64,168,Gd,96,244,Cm,0,,,,,,,8.82003e-08,5.64482e-08,2026-02-19
64,169,Gd,96,244,Cm,0,,,,,,,6.20002e-09,3.96801e-09,2026-02-19
64,170,Gd,96,244,Cm,0,,,,,,,3.03001e-10,1.93921e-10,2026-02-19
64,171,Gd,96,244,Cm,0,,,,,,,8.33982e-12,5.33748e-12,2026-02-19
64,172,Gd,96,244,Cm,0,,,,,,,1.70997e-13,1.09438e-13,2026-02-19
65,151,Tb,96,244,Cm,0,,,,,,,0,0,2026-02-19
65,153,Tb,96,244,Cm,0,,,,,,,0,0,2026-02-19
65,155,Tb,96,244,Cm,0,,,,,,,1.2e-13,7.68002e-14,2026-02-19
65,156,Tb,96,244,Cm,0,,,,,,,5.21002e-12,3.33441e-12,2026-02-19
65,156,Tb,96,244,Cm,1,,,,,,,5.79002e-13,3.70561e-13,2026-02-19
65,157,Tb,96,244,Cm,0,,,,,,,2.47001e-10,1.58081e-10,2026-02-19
65,158,Tb,96,244,Cm,0,,,,,,,3.55001e-09,2.27201e-09,2026-02-19
65,158,Tb,96,244,Cm,1,,,,,,,3.94001e-10,2.52161e-10,2026-02-19
65,159,Tb,96,244,Cm,0,,,,,,,6.28002e-08,4.01921e-08,2026-02-19
65,160,Tb,96,244,Cm,0,,,,,,,4.92002e-07,3.14881e-07,2026-02-19
65,161,Tb,96,244,Cm,0,,,,,,,2.76001e-06,1.76641e-06,2026-02-19
65,162,Tb,96,244,Cm,0,,,,,,,3.87001e-06,2.47681e-06,2026-02-19
65,162,Tb,96,244,Cm,1,,,,,,,3.87001e-06,2.47681e-06,2026-02-19
65,163,Tb,96,244,Cm,0,,,,,,,1.70801e-05,1.09312e-05,2026-02-19
65,164,Tb,96,244,Cm,0,,,,,,,2.30101e-05,1.47264e-05,2026-02-19
65,165,Tb,96,244,Cm,0,,,,,,,2.59701e-05,1.66209e-05,2026-02-19
65,166,Tb,96,244,Cm,0,,,,,,,1.73001e-05,1.1072e-05,2026-02-19
65,167,Tb,96,244,Cm,0,,,,,,,9.57003e-06,6.12482e-06,2026-02-19
65,168,Tb,96,244,Cm,0,,,,,,,2.36001e-06,1.5104e-06,2026-02-19
65,169,Tb,96,244,Cm,0,,,,,,,6.22002e-07,3.98081e-07,2026-02-19
65,170,Tb,96,244,Cm,0,,,,,,,7.80002e-08,4.99202e-08,2026-02-19
65,171,Tb,96,244,Cm,0,,,,,,,8.58003e-09,5.49122e-09,2026-02-19
65,172,Tb,96,244,Cm,0,,,,,,,4.86002e-10,3.11041e-10,2026-02-19
66,155,Dy,96,244,Cm,0,,,,,,,0,0,2026-02-19
66,156,Dy,96,244,Cm,0,,,,,,,0,0,2026-02-19
66,157,Dy,96,244,Cm,0,,,,,,,0,0,2026-02-19
66,158,Dy,96,244,Cm,0,,,,,,,3.01001e-13,1.92641e-13,2026-02-19
66,159,Dy,96,244,Cm,0,,,,,,,1.31e-11,8.38403e-12,2026-02-19
66,160,Dy,96,244,Cm,0,,,,,,,4.31001e-10,2.75841e-10,2026-02-19
66,161,Dy,96,244,Cm,0,,,,,,,6.41002e-09,4.10241e-09,2026-02-19
66,162,Dy,96,244,Cm,0,,,,,,,7.05002e-08,4.51201e-08,2026-02-19
66,163,Dy,96,244,Cm,0,,,,,,,3.90001e-07,2.49601e-07,2026-02-19
66,164,Dy,96,244,Cm,0,,,,,,,1.96001e-06,1.2544e-06,2026-02-19
66,165,Dy,96,244,Cm,0,,,,,,,4.40001e-06,2.81601e-06,2026-02-19
66,165,Dy,96,244,Cm,1,,,,,,,6.58002e-07,4.21121e-07,2026-02-19
66,166,Dy,96,244,Cm,0,,,,,,,1.114e-05,7.12962e-06,2026-02-19
66,167,Dy,96,244,Cm,0,,,,,,,1.309e-05,8.37763e-06,2026-02-19
66,168,Dy,96,244,Cm,0,,,,,,,1.064e-05,6.80962e-06,2026-02-19
66,169,Dy,96,244,Cm,0,,,,,,,6.16002e-06,3.94241e-06,2026-02-19
66,170,Dy,96,244,Cm,0,,,,,,,2.69001e-06,1.72161e-06,2026-02-19
66,171,Dy,96,244,Cm,0,,,,,,,7.14002e-07,4.56961e-07,2026-02-19
66,172,Dy,96,244,Cm,0,,,,,,,1.59001e-07,1.0176e-07,2026-02-19
67,159,Ho,96,244,Cm,0,,,,,,,0,0,2026-02-19
67,159,Ho,96,244,Cm,1,,,,,,,0,0,2026-02-19
67,161,Ho,96,244,Cm,0,,,,,,,3.32001e-13,2.12481e-13,2026-02-19
67,161,Ho,96,244,Cm,1,,,,,,,4.96002e-14,3.17441e-14,2026-02-19
67,162,Ho,96,244,Cm,0,,,,,,,3.41001e-12,2.18241e-12,2026-02-19
67,162,Ho,96,244,Cm,1,,,,,,,7.97003e-12,5.10082e-12,2026-02-19
67,163,Ho,96,244,Cm,0,,,,,,,2.22001e-10,1.4208e-10,2026-02-19
67,163,Ho,96,244,Cm,1,,,,,,,3.32001e-11,2.12481e-11,2026-02-19
67,164,Ho,96,244,Cm,0,,,,,,,1.04e-09,6.65602e-10,2026-02-19
67,164,Ho,96,244,Cm,1,,,,,,,2.44001e-09,1.5616e-09,2026-02-19
67,165,Ho,96,244,Cm,0,,,,,,,3.48001e-08,2.22721e-08,2026-02-19
67,166,Ho,96,244,Cm,0,,,,,,,5.67002e-08,3.62881e-08,2026-02-19
67,166,Ho,96,244,Cm,1,,,,,,,1.32e-07,8.44803e-08,2026-02-19
67,167,Ho,96,244,Cm,0,,,,,,,7.92003e-07,5.06882e-07,2026-02-19
67,168,Ho,96,244,Cm,0,,,,,,,1.48e-06,9.47203e-07,2026-02-19
67,169,Ho,96,244,Cm,0,,,,,,,2.80001e-06,1.79201e-06,2026-02-19
67,170,Ho,96,244,Cm,0,,,,,,,1.29e-06,8.25603e-07,2026-02-19
67,170,Ho,96,244,Cm,1,,,,,,,1.29e-06,8.25603e-07,2026-02-19
67,171,Ho,96,244,Cm,0,,,,,,,2.23001e-06,1.4272e-06,2026-02-19
67,172,Ho,96,244,Cm,0,,,,,,,1.14e-06,7.29602e-07,2026-02-19
68,161,Er,96,244,Cm,0,,,,,,,0,0,2026-02-19
68,162,Er,96,244,Cm,0,,,,,,,0,0,2026-02-19
68,163,Er,96,244,Cm,0,,,,,,,1.19e-14,7.61602e-15,2026-02-19
68,164,Er,96,244,Cm,0,,,,,,,6.92002e-13,4.42881e-13,2026-02-19
68,165,Er,96,244,Cm,0,,,,,,,1.87001e-11,1.1968e-11,2026-02-19
68,166,Er,96,244,Cm,0,,,,,,,4.09001e-10,2.61761e-10,2026-02-19
68,167,Er,96,244,Cm,0,,,,,,,3.88001e-09,2.48321e-09,2026-02-19
68,167,Er,96,244,Cm,1,,,,,,,5.80002e-10,3.71201e-10,2026-02-19
68,168,Er,96,244,Cm,0,,,,,,,3.29001e-08,2.10561e-08,2026-02-19
68,169,Er,96,244,Cm,0,,,,,,,1.51e-07,9.66403e-08,2026-02-19
68,170,Er,96,244,Cm,0,,,,,,,4.87002e-07,3.11681e-07,2026-02-19
68,171,Er,96,244,Cm,0,,,,,,,9.26003e-07,5.92642e-07,2026-02-19
68,172,Er,96,244,Cm,0,,,,,,,1.56e-06,9.98403e-07,2026-02-19
69,165,Tm,96,244,Cm,0,,,,,,,0,0,2026-02-19
69,166,Tm,96,244,Cm,0,,,,,,,1.48e-14,9.47203e-15,2026-02-19
69,167,Tm,96,244,Cm,0,,,,,,,6.67002e-13,4.26881e-13,2026-02-19
69,168,Tm,96,244,Cm,0,,,,,,,1.37e-11,8.76803e-12,2026-02-19
69,169,Tm,96,244,Cm,0,,,,,,,2.50001e-10,1.60001e-10,2026-02-19
69,170,Tm,96,244,Cm,0,,,,,,,2.08001e-09,1.3312e-09,2026-02-19
69,171,Tm,96,244,Cm,0,,,,,,,1.49e-08,9.53603e-09,2026-02-19
69,172,Tm,96,244,Cm,0,,,,,,,6.17002e-08,3.94881e-08,2026-02-19
70,166,Yb,96,244,Cm,0,,,,,,,0,0,2026-02-19
70,167,Yb,96,244,Cm,0,,,,,,,0,0,2026-02-19
70,168,Yb,96,244,Cm,0,,,,,,,0,0,2026-02-19
70,169,Yb,96,244,Cm,0,,,,,,,2.64001e-14,1.68961e-14,2026-02-19
70,169,Yb,96,244,Cm,1,,,,,,,0,0,2026-02-19
70,170,Yb,96,244,Cm,0,,,,,,,1.04e-12,6.65602e-13,2026-02-19
70,171,Yb,96,244,Cm,0,,,,,,,1.98001e-11,1.2672e-11,2026-02-19
70,172,Yb,96,244,Cm,0,,,,,,,3.35001e-10,2.14401e-10,2026-02-19
71,169,Lu,96,244,Cm,0,,,,,,,0,0,2026-02-19
71,169,Lu,96,244,Cm,1,,,,,,,0,0,2026-02-19
71,171,Lu,96,244,Cm,0,,,,,,,0,0,2026-02-19
71,171,Lu,96,244,Cm,1,,,,,,,0,0,2026-02-19
71,172,Lu,96,244,Cm,0,,,,,,,1.58001e-14,1.0112e-14,2026-02-19
71,172,Lu,96,244,Cm,1,,,,,,,1.58001e-14,1.0112e-14,2026-02-19
72,171,Hf,96,244,Cm,0,,,,,,,0,0,2026-02-19
72,172,Hf,96,244,Cm,0,,,,,,,0,0,2026-02-19
