Z daughter, A daughter, element daughter, Z parent, A parent, element parent, daughter level idx, independent thermal fy, unc, independent fast fy, unc, independent 14MeV fy, unc,Extraction_date
1,1,H,93,237,Np,0,0.000032586,0.000011434,,,,,2024-11-18
1,2,H,93,237,Np,0,0.0000099585,0.0000034241,,,,,2024-11-18
1,3,H,93,237,Np,0,0.000125,0.00003908,,,,,2024-11-18
2,3,He,93,237,Np,0,0,0,,,,,2024-11-18
2,4,He,93,237,Np,0,0.00206,0.00064346,,,,,2024-11-18
24,62,Cr,93,237,Np,0,0.0000000000011919,0.00000000000043734,,,,,2024-11-18
25,61,Mn,93,237,Np,0,0.0000000000020223,0.00000000000043745,,,,,2024-11-18
25,62,Mn,93,237,Np,0,0.0000000000052757,0.0000000000013965,,,,,2024-11-18
25,62,Mn,93,237,Np,1,0.00000000000094711,0.0000000000002507,,,,,2024-11-18
25,63,Mn,93,237,Np,0,0.000000000015568,0.0000000000050424,,,,,2024-11-18
25,64,Mn,93,237,Np,0,0.00000000001942,0.0000000000074675,,,,,2024-11-18
25,65,Mn,93,237,Np,0,0.00000000002264,0.0000000000087044,,,,,2024-11-18
25,66,Mn,93,237,Np,0,0.000000000012473,0.00000000000478,,,,,2024-11-18
25,67,Mn,93,237,Np,0,0.0000000000049584,0.0000000000019226,,,,,2024-11-18
26,61,Fe,93,237,Np,0,0,0,,,,,2024-11-18
26,62,Fe,93,237,Np,0,0.000000000006453,0.0000000000016717,,,,,2024-11-18
26,63,Fe,93,237,Np,0,0.000000000034323,0.0000000000070456,,,,,2024-11-18
26,64,Fe,93,237,Np,0,0.00000000014775,0.000000000026063,,,,,2024-11-18
26,65,Fe,93,237,Np,0,0.00000000039021,0.000000000089902,,,,,2024-11-18
26,66,Fe,93,237,Np,0,0.00000000082019,0.00000000023967,,,,,2024-11-18
26,67,Fe,93,237,Np,0,0.00000000082064,0.00000000029729,,,,,2024-11-18
26,68,Fe,93,237,Np,0,0.00000000060796,0.00000000023797,,,,,2024-11-18
26,69,Fe,93,237,Np,0,0.0000000002387,0.00000000009562,,,,,2024-11-18
26,70,Fe,93,237,Np,0,0.000000000070503,0.000000000028108,,,,,2024-11-18
26,71,Fe,93,237,Np,0,0.000000000010915,0.0000000000042349,,,,,2024-11-18
26,72,Fe,93,237,Np,0,0.0000000000011946,0.00000000000045884,,,,,2024-11-18
27,61,Co,93,237,Np,0,0,0,,,,,2024-11-18
27,62,Co,93,237,Np,0,0,0,,,,,2024-11-18
27,63,Co,93,237,Np,0,0.0000000000030691,0.0000000000011756,,,,,2024-11-18
27,64,Co,93,237,Np,0,0.000000000029321,0.000000000010926,,,,,2024-11-18
27,65,Co,93,237,Np,0,0.00000000026419,0.000000000077277,,,,,2024-11-18
27,66,Co,93,237,Np,0,0.0000000011838,0.00000000028439,,,,,2024-11-18
27,67,Co,93,237,Np,0,0.0000000041475,0.00000000095761,,,,,2024-11-18
27,68,Co,93,237,Np,0,0.0000000037747,0.0000000012197,,,,,2024-11-18
27,68,Co,93,237,Np,-2,0.00000000333,0.0000000010759,,,,,2024-11-18
27,69,Co,93,237,Np,0,0.000000010855,0.0000000039706,,,,,2024-11-18
27,70,Co,93,237,Np,0,0.0000000040998,0.0000000015975,,,,,2024-11-18
27,70,Co,93,237,Np,1,0.0000000040998,0.0000000015975,,,,,2024-11-18
27,71,Co,93,237,Np,0,0.0000000053592,0.0000000020674,,,,,2024-11-18
27,72,Co,93,237,Np,0,0.0000000015927,0.00000000061135,,,,,2024-11-18
27,73,Co,93,237,Np,0,0.00000000033622,0.00000000013148,,,,,2024-11-18
27,74,Co,93,237,Np,0,0.00000000003234,0.000000000013138,,,,,2024-11-18
27,75,Co,93,237,Np,0,0.0000000000027286,0.0000000000010837,,,,,2024-11-18
28,61,Ni,93,237,Np,0,0,0,,,,,2024-11-18
28,62,Ni,93,237,Np,0,0,0,,,,,2024-11-18
28,63,Ni,93,237,Np,0,0,0,,,,,2024-11-18
28,64,Ni,93,237,Np,0,0,0,,,,,2024-11-18
28,65,Ni,93,237,Np,0,0.000000000021167,0.0000000000081485,,,,,2024-11-18
28,66,Ni,93,237,Np,0,0.00000000034661,0.00000000012078,,,,,2024-11-18
28,67,Ni,93,237,Np,0,0.0000000026509,0.00000000078801,,,,,2024-11-18
28,68,Ni,93,237,Np,0,0.000000015403,0.0000000031588,,,,,2024-11-18
28,69,Ni,93,237,Np,0,0.00000002528,0.0000000046651,,,,,2024-11-18
28,69,Ni,93,237,Np,1,0.00000002528,0.0000000046651,,,,,2024-11-18
28,70,Ni,93,237,Np,0,0.00000013611,0.000000027174,,,,,2024-11-18
28,71,Ni,93,237,Np,0,0.00000021,0.000000060778,,,,,2024-11-18
28,72,Ni,93,237,Np,0,0.00000024745,0.000000084909,,,,,2024-11-18
28,73,Ni,93,237,Np,0,0.00000013553,0.000000051872,,,,,2024-11-18
28,74,Ni,93,237,Np,0,0.000000055604,0.000000022515,,,,,2024-11-18
28,75,Ni,93,237,Np,0,0.000000012833,0.0000000050951,,,,,2024-11-18
28,76,Ni,93,237,Np,0,0.0000000021973,0.00000000085236,,,,,2024-11-18
28,77,Ni,93,237,Np,0,0.0000000001767,0.000000000068439,,,,,2024-11-18
28,78,Ni,93,237,Np,0,0.0000000000092115,0.0000000000035791,,,,,2024-11-18
29,63,Cu,93,237,Np,0,0,0,,,,,2024-11-18
29,65,Cu,93,237,Np,0,0,0,,,,,2024-11-18
29,66,Cu,93,237,Np,0,0.0000000000019849,0.00000000000076272,,,,,2024-11-18
29,67,Cu,93,237,Np,0,0.000000000060472,0.000000000023346,,,,,2024-11-18
29,68,Cu,93,237,Np,0,0.00000000024954,0.000000000097135,,,,,2024-11-18
29,68,Cu,93,237,Np,3,0.00000000058449,0.00000000022751,,,,,2024-11-18
29,69,Cu,93,237,Np,0,0.0000000098074,0.0000000036225,,,,,2024-11-18
29,70,Cu,93,237,Np,0,0.0000000043287,0.0000000014305,,,,,2024-11-18
29,70,Cu,93,237,Np,1,0.000000048225,0.000000015937,,,,,2024-11-18
29,70,Cu,93,237,Np,3,0.0000000043287,0.0000000014305,,,,,2024-11-18
29,71,Cu,93,237,Np,0,0.00000029748,0.000000070364,,,,,2024-11-18
29,72,Cu,93,237,Np,0,0.00000076223,0.00000018003,,,,,2024-11-18
29,73,Cu,93,237,Np,0,0.0000015173,0.0000004315,,,,,2024-11-18
29,74,Cu,93,237,Np,0,0.0000014998,0.0000005526,,,,,2024-11-18
29,75,Cu,93,237,Np,0,0.000001396,0.00000053351,,,,,2024-11-18
29,76,Cu,93,237,Np,0,0.00000031408,0.00000012088,,,,,2024-11-18
29,76,Cu,93,237,Np,1,0.00000031408,0.00000012088,,,,,2024-11-18
29,77,Cu,93,237,Np,0,0.00000021745,0.000000084115,,,,,2024-11-18
29,78,Cu,93,237,Np,0,0.000000031912,0.000000012398,,,,,2024-11-18
29,79,Cu,93,237,Np,0,0.00000000339,0.0000000013387,,,,,2024-11-18
29,80,Cu,93,237,Np,0,0.00000000014591,0.00000000005747,,,,,2024-11-18
30,66,Zn,93,237,Np,0,0,0,,,,,2024-11-18
30,67,Zn,93,237,Np,0,0,0,,,,,2024-11-18
30,68,Zn,93,237,Np,0,0.0000000000063649,0.0000000000025279,,,,,2024-11-18
30,69,Zn,93,237,Np,0,0.000000000036091,0.000000000014463,0.000000000042079,0.000000000016529,,,2024-11-18
30,69,Zn,93,237,Np,1,0.00000000015609,0.000000000062548,0.00000000020899,0.000000000082091,,,2024-11-18
30,70,Zn,93,237,Np,0,0.0000000043598,0.0000000017175,0.0000000059215,0.0000000023344,,,2024-11-18
30,71,Zn,93,237,Np,0,0.0000000099556,0.0000000036399,0.000000012073,0.0000000045751,,,2024-11-18
30,71,Zn,93,237,Np,1,0.000000043056,0.000000015742,0.000000059961,0.000000022723,,,2024-11-18
30,72,Zn,93,237,Np,0,0.00000047776,0.00000014335,0.00000068992,0.00000023484,,,2024-11-18
30,73,Zn,93,237,Np,0,0.00000020085,0.000000047738,0.00000027643,0.000000079542,,,2024-11-18
30,73,Zn,93,237,Np,-2,0.00000027456,0.00000006526,0.00000038234,0.00000011002,,,2024-11-18
30,73,Zn,93,237,Np,1,0.0000015554,0.00000036969,0.0000024936,0.00000071751,,,2024-11-18
30,74,Zn,93,237,Np,0,0.0000068344,0.0000012146,0.000011848,0.0000023828,,,2024-11-18
30,75,Zn,93,237,Np,0,0.000014053,0.0000028158,0.000024783,0.0000050634,,,2024-11-18
30,76,Zn,93,237,Np,0,0.000023462,0.0000058818,0.000041867,0.000010303,,,2024-11-18
30,77,Zn,93,237,Np,0,0.000017307,0.000005878,0.000032672,0.000010969,,,2024-11-18
30,77,Zn,93,237,Np,2,0.0000026458,0.00000089858,0.0000043501,0.0000014604,,,2024-11-18
30,78,Zn,93,237,Np,0,0.000012253,0.0000045956,0.000026352,0.0000095183,,,2024-11-18
30,79,Zn,93,237,Np,0,0.0000036015,0.0000014153,0.0000086869,0.0000032474,,,2024-11-18
30,80,Zn,93,237,Np,0,0.0000007289,0.00000028694,0.0000019483,0.00000074257,,,2024-11-18
30,81,Zn,93,237,Np,0,0.000000075932,0.000000028363,0.00000021486,0.000000078066,,,2024-11-18
30,82,Zn,93,237,Np,0,0.0000000052626,0.0000000019271,0.000000016761,0.0000000059005,,,2024-11-18
30,83,Zn,93,237,Np,0,0.0000000001543,0.000000000054848,0.00000000049948,0.0000000001772,,,2024-11-18
31,69,Ga,93,237,Np,0,0,0,0,0,,,2024-11-18
31,70,Ga,93,237,Np,0,0.0000000000055936,0.0000000000022304,0.0000000000068621,0.0000000000027214,,,2024-11-18
31,71,Ga,93,237,Np,0,0.0000000002847,0.00000000011042,0.00000000035298,0.00000000013789,,,2024-11-18
31,72,Ga,93,237,Np,0,0.00000000583,0.0000000022333,0.0000000078906,0.000000003067,,,2024-11-18
31,72,Ga,93,237,Np,-2,0.00000000065642,0.00000000025146,0.00000000077562,0.00000000030148,,,2024-11-18
31,73,Ga,93,237,Np,0,0.00000010575,0.000000040671,0.00000015452,0.000000059668,,,2024-11-18
31,74,Ga,93,237,Np,0,0.00000040532,0.00000015656,0.00000067355,0.00000025519,,,2024-11-18
31,74,Ga,93,237,Np,2,0.00000040532,0.00000015656,0.00000067355,0.00000025519,,,2024-11-18
31,75,Ga,93,237,Np,0,0.0000057722,0.0000019096,0.0000098873,0.0000032648,,,2024-11-18
31,76,Ga,93,237,Np,0,0.000020491,0.0000055725,0.000035611,0.0000096909,,,2024-11-18
31,77,Ga,93,237,Np,0,0.00005988,0.000012854,0.00010728,0.000021194,,,2024-11-18
31,78,Ga,93,237,Np,0,0.000084352,0.000023896,0.00017272,0.000039865,,,2024-11-18
31,79,Ga,93,237,Np,0,0.000097458,0.00003309,0.00022116,0.000062912,,,2024-11-18
31,80,Ga,93,237,Np,0,0.000053286,0.000020222,0.00013232,0.000046527,,,2024-11-18
31,81,Ga,93,237,Np,0,0.000025035,0.0000092596,0.000065108,0.000022962,,,2024-11-18
31,82,Ga,93,237,Np,0,0.0000050667,0.0000018528,0.000014632,0.0000051212,,,2024-11-18
31,83,Ga,93,237,Np,0,0.00000070701,0.00000025129,0.0000020624,0.00000073105,,,2024-11-18
31,84,Ga,93,237,Np,0,0.000000042861,0.000000014809,0.00000014869,0.000000052124,,,2024-11-18
31,85,Ga,93,237,Np,0,0.0000000019066,0.00000000064188,0.000000006268,0.0000000022004,,,2024-11-18
31,86,Ga,93,237,Np,0,0.000000000033863,0.000000000012419,0.00000000012922,0.000000000046177,,,2024-11-18
32,70,Ge,93,237,Np,0,0,0,0,0,,,2024-11-18
32,72,Ge,93,237,Np,0,0.000000000010827,0.0000000000041585,0.0000000000071349,0.0000000000027774,,,2024-11-18
32,73,Ge,93,237,Np,0,0.00000000038346,0.00000000014995,0.00000000028557,0.00000000011152,,,2024-11-18
32,73,Ge,93,237,Np,2,0.000000000088666,0.000000000034672,0.000000000057499,0.000000000022455,,,2024-11-18
32,74,Ge,93,237,Np,0,0.000000014956,0.0000000060704,0.000000012502,0.0000000049477,,,2024-11-18
32,75,Ge,93,237,Np,0,0.00000003509,0.000000013838,0.000000027211,0.000000010629,,,2024-11-18
32,75,Ge,93,237,Np,2,0.00000022954,0.000000090522,0.00000020437,0.000000079828,,,2024-11-18
32,76,Ge,93,237,Np,0,0.0000035304,0.0000013082,0.0000031922,0.0000012098,,,2024-11-18
32,77,Ge,93,237,Np,0,0.000019985,0.0000066302,0.000019268,0.0000069221,,,2024-11-18
32,77,Ge,93,237,Np,1,0.0000030551,0.0000010136,0.0000025654,0.00000092164,,,2024-11-18
32,78,Ge,93,237,Np,0,0.00011299,0.000026814,0.00012327,0.000034808,,,2024-11-18
32,79,Ge,93,237,Np,0,0.000037979,0.0000072297,0.000040668,0.0000088721,,,2024-11-18
32,79,Ge,93,237,Np,1,0.00024844,0.000047293,0.00030544,0.000066635,,,2024-11-18
32,80,Ge,93,237,Np,0,0.00057794,0.0001014,0.0007827,0.00013391,,,2024-11-18
32,81,Ge,93,237,Np,0,0.00053595,0.00012672,0.00083006,0.00016982,,,2024-11-18
32,81,Ge,93,237,Np,1,0.00012392,0.000029301,0.00016713,0.000034192,,,2024-11-18
32,82,Ge,93,237,Np,0,0.0005668,0.00016291,0.00096001,0.00022554,,,2024-11-18
32,83,Ge,93,237,Np,0,0.00022434,0.00007636,0.00035446,0.0001094,,,2024-11-18
32,84,Ge,93,237,Np,0,0.000062573,0.000021456,0.00011102,0.000037499,,,2024-11-18
32,85,Ge,93,237,Np,0,0.0000082198,0.0000027648,0.00001347,0.0000047079,,,2024-11-18
32,86,Ge,93,237,Np,0,0.0000006995,0.00000025652,0.0000013232,0.00000047262,,,2024-11-18
32,87,Ge,93,237,Np,0,0.000000024829,0.0000000096544,0.000000058667,0.000000022116,,,2024-11-18
32,88,Ge,93,237,Np,0,0.00000000068821,0.00000000024132,0.0000000019346,0.00000000070483,,,2024-11-18
32,89,Ge,93,237,Np,0,0.000000000008492,0.0000000000028873,0.000000000022226,0.0000000000080664,,,2024-11-18
33,74,As,93,237,Np,0,0.0000000000041165,0.0000000000016723,0.0000000000030817,0.0000000000012201,,,2024-11-18
33,75,As,93,237,Np,0,0.000000000073772,0.000000000029298,0.000000000051928,0.000000000020353,,,2024-11-18
33,75,As,93,237,Np,4,0.00000000024136,0.000000000095852,0.00000000019665,0.000000000077075,,,2024-11-18
33,76,As,93,237,Np,0,0.000000011129,0.0000000043165,0.0000000091561,0.0000000035512,,,2024-11-18
33,77,As,93,237,Np,0,0.00000029585,0.00000011439,0.00000025851,0.00000010065,,,2024-11-18
33,78,As,93,237,Np,0,0.0000036119,0.0000013888,0.0000036966,0.0000013979,,,2024-11-18
33,79,As,93,237,Np,0,0.000035046,0.000013136,0.000039828,0.000014565,,,2024-11-18
33,80,As,93,237,Np,0,0.0001689,0.00005767,0.00020231,0.000071072,,,2024-11-18
33,81,As,93,237,Np,0,0.00073437,0.00017232,0.000833,0.00021895,,,2024-11-18
33,82,As,93,237,Np,0,0.00037639,0.000073759,0.0003983,0.000081226,,,2024-11-18
33,82,As,93,237,Np,1,0.0011358,0.00022258,0.0013878,0.00028301,,,2024-11-18
33,83,As,93,237,Np,0,0.0024415,0.00046952,0.0028839,0.00043897,,,2024-11-18
33,84,As,93,237,Np,0,0.0008577,0.00021373,0.0012606,0.0002855,,,2024-11-18
33,84,As,93,237,Np,-2,0.0008577,0.00021373,0.0012606,0.0002855,,,2024-11-18
33,85,As,93,237,Np,0,0.00092679,0.00025997,0.0013067,0.00038247,,,2024-11-18
33,86,As,93,237,Np,0,0.00020538,0.000072166,0.00034937,0.00012039,,,2024-11-18
33,87,As,93,237,Np,0,0.000033034,0.00001274,0.000070873,0.000026548,,,2024-11-18
33,88,As,93,237,Np,0,0.0000026927,0.00000094366,0.0000068706,0.0000025018,,,2024-11-18
33,89,As,93,237,Np,0,0.00000016306,0.000000055439,0.00000038674,0.00000014036,,,2024-11-18
33,90,As,93,237,Np,0,0.0000000043323,0.0000000015257,0.000000015354,0.0000000055499,,,2024-11-18
33,91,As,93,237,Np,0,0.000000000080861,0.000000000029515,0.00000000035977,0.00000000012953,,,2024-11-18
34,74,Se,93,237,Np,0,0,0,0,0,,,2024-11-18
34,76,Se,93,237,Np,0,0.0000000000039242,0.0000000000015223,0.0000000000015817,0.00000000000061349,,,2024-11-18
34,77,Se,93,237,Np,0,0.00000000003799,0.000000000014715,0.000000000014487,0.0000000000056448,,,2024-11-18
34,77,Se,93,237,Np,1,0.00000000024851,0.000000000096255,0.0000000001088,0.000000000042396,,,2024-11-18
34,78,Se,93,237,Np,0,0.000000015328,0.0000000059557,0.0000000077981,0.0000000029663,,,2024-11-18
34,79,Se,93,237,Np,0,0.00000034914,0.0000001378,0.00000020531,0.000000077436,,,2024-11-18
34,79,Se,93,237,Np,1,0.000000053373,0.000000021066,0.000000027336,0.00000001031,,,2024-11-18
34,80,Se,93,237,Np,0,0.0000082271,0.0000032258,0.0000053072,0.0000020223,,,2024-11-18
34,81,Se,93,237,Np,0,0.000011583,0.0000042313,0.0000070244,0.0000025305,,,2024-11-18
34,81,Se,93,237,Np,1,0.000075772,0.000027679,0.000052758,0.000019005,,,2024-11-18
34,82,Se,93,237,Np,0,0.00060233,0.00020141,0.00047705,0.00015997,,,2024-11-18
34,83,Se,93,237,Np,0,0.0014638,0.00041559,0.0012948,0.00034707,,,2024-11-18
34,83,Se,93,237,Np,1,0.00033847,0.000096095,0.0002607,0.000069881,,,2024-11-18
34,84,Se,93,237,Np,0,0.0046401,0.00086394,0.0045544,0.0006281,,,2024-11-18
34,85,Se,93,237,Np,0,0.0062892,0.00098966,0.0057781,0.0007972,,,2024-11-18
34,86,Se,93,237,Np,0,0.0060766,0.0015363,0.0062609,0.0011611,,,2024-11-18
34,87,Se,93,237,Np,0,0.0028374,0.0010399,0.0033977,0.0010463,,,2024-11-18
34,88,Se,93,237,Np,0,0.0011325,0.00039125,0.0014798,0.00051178,,,2024-11-18
34,89,Se,93,237,Np,0,0.00020555,0.000069798,0.00024569,0.00008861,,,2024-11-18
34,90,Se,93,237,Np,0,0.000024994,0.0000088008,0.000044367,0.000016023,,,2024-11-18
34,91,Se,93,237,Np,0,0.0000013824,0.0000005046,0.000003071,0.0000011056,,,2024-11-18
34,92,Se,93,237,Np,0,0.00000005463,0.000000020663,0.00000014721,0.000000053948,,,2024-11-18
34,93,Se,93,237,Np,0,0.0000000010504,0.00000000036451,0.0000000030012,0.0000000011077,,,2024-11-18
34,94,Se,93,237,Np,0,0.00000000001485,0.0000000000050423,0.000000000049976,0.000000000017544,,,2024-11-18
35,79,Br,93,237,Np,0,0.000000000025463,0.000000000010055,0.000000000011765,0.0000000000044379,,,2024-11-18
35,79,Br,93,237,Np,1,0.000000000083307,0.000000000032898,0.000000000044555,0.000000000016806,,,2024-11-18
35,80,Br,93,237,Np,0,0.0000000016322,0.00000000064283,0.00000000085213,0.00000000032518,,,2024-11-18
35,80,Br,93,237,Np,2,0.0000000049253,0.0000000019399,0.0000000029691,0.000000001133,,,2024-11-18
35,81,Br,93,237,Np,0,0.00000032231,0.00000012038,0.00000020077,0.000000072951,,,2024-11-18
35,82,Br,93,237,Np,0,0.0000046269,0.0000016927,0.0000034009,0.0000011968,,,2024-11-18
35,82,Br,93,237,Np,1,0.0000019754,0.00000072269,0.0000012477,0.00000043908,,,2024-11-18
35,83,Br,93,237,Np,0,0.000093648,0.00003303,0.00006703,0.000023598,,,2024-11-18
35,84,Br,93,237,Np,0,0.0002978,0.000098305,0.00025024,0.000084055,,,2024-11-18
35,84,Br,93,237,Np,1,0.0002978,0.000098305,0.00025024,0.000084055,,,2024-11-18
35,85,Br,93,237,Np,0,0.0031212,0.00080074,0.0023564,0.00065464,,,2024-11-18
35,86,Br,93,237,Np,0,0.0074244,0.00159,0.0059771,0.0011543,,,2024-11-18
35,87,Br,93,237,Np,0,0.012794,0.0018353,0.011848,0.0015025,,,2024-11-18
35,88,Br,93,237,Np,0,0.0111,0.0020705,0.012086,0.0019776,,,2024-11-18
35,89,Br,93,237,Np,0,0.0077654,0.0018831,0.0079882,0.0018993,,,2024-11-18
35,90,Br,93,237,Np,0,0.0022455,0.0007125,0.0036525,0.0011388,,,2024-11-18
35,91,Br,93,237,Np,0,0.00052748,0.00018673,0.0010801,0.0003733,,,2024-11-18
35,92,Br,93,237,Np,0,0.000060291,0.000022714,0.00014922,0.000054368,,,2024-11-18
35,93,Br,93,237,Np,0,0.0000056212,0.0000019501,0.000014701,0.0000054229,,,2024-11-18
35,94,Br,93,237,Np,0,0.00000023175,0.000000078689,0.00000071192,0.00000024991,,,2024-11-18
35,95,Br,93,237,Np,0,0.0000000077255,0.000000002667,0.000000027048,0.0000000095854,,,2024-11-18
35,96,Br,93,237,Np,0,0.00000000011936,0.000000000043112,0.00000000045063,0.0000000001622,,,2024-11-18
35,97,Br,93,237,Np,0,0.0000000000013236,0.00000000000051553,0.0000000000070693,0.0000000000025877,,,2024-11-18
36,80,Kr,93,237,Np,0,0,0,0,0,,,2024-11-18
36,81,Kr,93,237,Np,0,0.000000000071211,0.000000000026601,0.000000000022206,0.0000000000080692,,,2024-11-18
36,81,Kr,93,237,Np,2,0.000000000010886,0.0000000000040664,0.0000000000029566,0.0000000000010744,,,2024-11-18
36,82,Kr,93,237,Np,0,0.0000000079784,0.0000000029216,0.0000000027833,0.00000000097986,,,2024-11-18
36,83,Kr,93,237,Np,0,0.00000026859,0.000000095474,0.000000098398,0.000000034908,,,2024-11-18
36,83,Kr,93,237,Np,2,0.000000062105,0.000000022076,0.000000019812,0.0000000070286,,,2024-11-18
36,84,Kr,93,237,Np,0,0.0000093452,0.0000032278,0.0000040007,0.0000014022,,,2024-11-18
36,85,Kr,93,237,Np,0,0.00010123,0.000033932,0.000042229,0.000014778,,,2024-11-18
36,85,Kr,93,237,Np,1,0.000023407,0.0000078459,0.0000085027,0.0000029756,,,2024-11-18
36,86,Kr,93,237,Np,0,0.0010686,0.00038401,0.00051081,0.00017805,,,2024-11-18
36,87,Kr,93,237,Np,0,0.0036004,0.0013269,0.0023541,0.00081727,,,2024-11-18
36,88,Kr,93,237,Np,0,0.010061,0.0022577,0.008146,0.0019288,,,2024-11-18
36,89,Kr,93,237,Np,0,0.017717,0.0033558,0.012697,0.0024067,,,2024-11-18
36,90,Kr,93,237,Np,0,0.022073,0.0038887,0.022398,0.002631,,,2024-11-18
36,91,Kr,93,237,Np,0,0.013224,0.0034373,0.01731,0.0033975,,,2024-11-18
36,92,Kr,93,237,Np,0,0.0072436,0.002421,0.010369,0.0028199,,,2024-11-18
36,93,Kr,93,237,Np,0,0.0020592,0.00069889,0.0028265,0.00097691,,,2024-11-18
36,94,Kr,93,237,Np,0,0.00037953,0.00012822,0.00059412,0.00020551,,,2024-11-18
36,95,Kr,93,237,Np,0,0.00003658,0.000012621,0.000064655,0.000022874,,,2024-11-18
36,96,Kr,93,237,Np,0,0.0000025734,0.00000092947,0.0000048835,0.0000017576,,,2024-11-18
36,97,Kr,93,237,Np,0,0.000000081297,0.000000031664,0.00000021765,0.000000079668,,,2024-11-18
36,98,Kr,93,237,Np,0,0.0000000025301,0.00000000089842,0.000000006746,0.0000000024228,,,2024-11-18
36,99,Kr,93,237,Np,0,0.000000000035928,0.000000000011764,0.00000000012802,0.000000000042168,,,2024-11-18
37,83,Rb,93,237,Np,0,0.0000000000075275,0.0000000000026758,0.0000000000021724,0.0000000000007707,,,2024-11-18
37,83,Rb,93,237,Np,2,0.000000000018172,0.0000000000064598,0.0000000000060784,0.0000000000021564,,,2024-11-18
37,84,Rb,93,237,Np,0,0.00000000077734,0.00000000026858,0.00000000027163,0.000000000095229,,,2024-11-18
37,84,Rb,93,237,Np,2,0.0000000013983,0.00000000048311,0.00000000056986,0.00000000019978,,,2024-11-18
37,85,Rb,93,237,Np,0,0.0000001366,0.000000045989,0.000000050553,0.000000017747,,,2024-11-18
37,86,Rb,93,237,Np,0,0.0000012222,0.00000044816,0.0000004772,0.00000017051,,,2024-11-18
37,86,Rb,93,237,Np,2,0.0000021984,0.00000080614,0.0000010011,0.0000003577,,,2024-11-18
37,87,Rb,93,237,Np,0,0.000057243,0.000022222,0.000031036,0.000011691,,,2024-11-18
37,88,Rb,93,237,Np,0,0.00046405,0.00016052,0.00029734,0.00010761,,,2024-11-18
37,89,Rb,93,237,Np,0,0.0031877,0.0010027,0.0018351,0.00064095,,,2024-11-18
37,90,Rb,93,237,Np,0,0.00091009,0.00025111,0.00063177,0.00019162,,,2024-11-18
37,90,Rb,93,237,Np,-2,0.0080829,0.0022302,0.0064271,0.0019494,,,2024-11-18
37,91,Rb,93,237,Np,0,0.021326,0.0035524,0.018775,0.0034415,,,2024-11-18
37,92,Rb,93,237,Np,0,0.026536,0.003858,0.027014,0.0037677,,,2024-11-18
37,93,Rb,93,237,Np,0,0.028414,0.0046467,0.031808,0.0044641,,,2024-11-18
37,94,Rb,93,237,Np,0,0.011575,0.0029045,0.016338,0.0037512,,,2024-11-18
37,95,Rb,93,237,Np,0,0.0043772,0.0013188,0.0071571,0.0021221,,,2024-11-18
37,96,Rb,93,237,Np,0,0.00038795,0.00013641,0.00068385,0.00023731,,,2024-11-18
37,96,Rb,93,237,Np,-2,0.00038795,0.00013641,0.00068385,0.00023731,,,2024-11-18
37,97,Rb,93,237,Np,0,0.00010538,0.000040828,0.0002605,0.000094669,,,2024-11-18
37,98,Rb,93,237,Np,0,0.0000045642,0.0000016201,0.000011182,0.0000040134,,,2024-11-18
37,98,Rb,93,237,Np,5,0.0000045642,0.0000016201,0.000011182,0.0000040134,,,2024-11-18
37,99,Rb,93,237,Np,0,0.00000058482,0.00000019149,0.000001908,0.00000062848,,,2024-11-18
37,100,Rb,93,237,Np,0,0.000000015757,0.0000000057792,0.000000052302,0.000000018559,,,2024-11-18
37,101,Rb,93,237,Np,0,0.00000000034394,0.00000000012555,0.0000000012566,0.00000000044941,,,2024-11-18
37,102,Rb,93,237,Np,0,0.0000000000037595,0.0000000000014036,0.000000000014584,0.0000000000053072,,,2024-11-18
38,84,Sr,93,237,Np,0,0,0,0,0,,,2024-11-18
38,85,Sr,93,237,Np,0,0.0000000000080652,0.0000000000027153,0.0000000000015101,0.00000000000053016,,,2024-11-18
38,85,Sr,93,237,Np,2,0.0000000000018649,0.00000000000062783,,,,,2024-11-18
38,86,Sr,93,237,Np,0,0.0000000011967,0.00000000043889,0.00000000025672,0.000000000091738,,,2024-11-18
38,87,Sr,93,237,Np,0,0.000000048362,0.000000018805,0.000000013432,0.0000000050637,,,2024-11-18
38,87,Sr,93,237,Np,1,0.000000011182,0.0000000043481,0.0000000027046,0.0000000010195,,,2024-11-18
38,88,Sr,93,237,Np,0,0.0000022129,0.00000077594,0.00000071824,0.00000026168,,,2024-11-18
38,89,Sr,93,237,Np,0,0.000042514,0.000014455,0.00001293,0.0000046925,,,2024-11-18
38,90,Sr,93,237,Np,0,0.00046378,0.00016324,0.00021091,0.000076157,,,2024-11-18
38,91,Sr,93,237,Np,0,0.0023885,0.00087392,0.001395,0.00049887,,,2024-11-18
38,92,Sr,93,237,Np,0,0.0085264,0.0031422,0.0067965,0.002335,,,2024-11-18
38,93,Sr,93,237,Np,0,0.018281,0.0049241,0.015788,0.004303,,,2024-11-18
38,94,Sr,93,237,Np,0,0.034672,0.0050959,0.030495,0.0042029,,,2024-11-18
38,95,Sr,93,237,Np,0,0.035533,0.0053775,0.03487,0.0047581,,,2024-11-18
38,96,Sr,93,237,Np,0,0.027903,0.0062472,0.027924,0.0049788,,,2024-11-18
38,97,Sr,93,237,Np,0,0.010132,0.0032923,0.01332,0.0038106,,,2024-11-18
38,98,Sr,93,237,Np,0,0.0037289,0.0012479,0.0046614,0.0015457,,,2024-11-18
38,99,Sr,93,237,Np,0,0.0006334,0.00020497,0.0010497,0.00034125,,,2024-11-18
38,100,Sr,93,237,Np,0,0.000074801,0.000027394,0.00012555,0.000044464,,,2024-11-18
38,101,Sr,93,237,Np,0,0.0000045844,0.0000016732,0.0000084371,0.000003017,,,2024-11-18
38,102,Sr,93,237,Np,0,0.00000022742,0.000000084907,0.00000044311,0.00000016125,,,2024-11-18
38,103,Sr,93,237,Np,0,0.000000004243,0.0000000015183,0.000000010304,0.0000000036341,,,2024-11-18
38,104,Sr,93,237,Np,0,0.000000000046929,0.000000000015848,0.00000000015788,0.000000000056346,,,2024-11-18
39,87,Y,93,237,Np,0,0.00000000000024636,0.000000000000095793,,,,,2024-11-18
39,87,Y,93,237,Np,1,0.0000000000010654,0.00000000000041429,,,,,2024-11-18
39,88,Y,93,237,Np,0,0.000000000084518,0.000000000029637,0.000000000022894,0.0000000000083411,,,2024-11-18
39,88,Y,93,237,Np,-2,0.000000000062291,0.000000000021843,0.00000000002027,0.0000000000073849,,,2024-11-18
39,89,Y,93,237,Np,0,0.000000002574,0.00000000087517,0.00000000063678,0.0000000002311,,,2024-11-18
39,89,Y,93,237,Np,1,0.000000011132,0.0000000037849,0.0000000031626,0.0000000011478,,,2024-11-18
39,90,Y,93,237,Np,0,0.00000017698,0.000000062328,0.000000066724,0.000000024118,,,2024-11-18
39,90,Y,93,237,Np,-2,0.00000025113,0.000000088442,0.00000011159,0.000000040333,,,2024-11-18
39,91,Y,93,237,Np,0,0.000001946,0.0000007103,0.00000091199,0.00000032833,,,2024-11-18
39,91,Y,93,237,Np,1,0.000008416,0.0000030719,0.0000045295,0.0000016307,,,2024-11-18
39,92,Y,93,237,Np,0,0.00012491,0.000047216,0.000079949,0.000029293,,,2024-11-18
39,93,Y,93,237,Np,0,0.00016839,0.000057934,0.00010103,0.000037154,,,2024-11-18
39,93,Y,93,237,Np,2,0.0011015,0.00037898,0.00075877,0.00027905,,,2024-11-18
39,94,Y,93,237,Np,0,0.0048743,0.0015625,0.0037598,0.0012759,,,2024-11-18
39,95,Y,93,237,Np,0,0.017478,0.0044501,0.014184,0.0040074,,,2024-11-18
39,96,Y,93,237,Np,0,0.010475,0.0021938,0.0076655,0.0015988,,,2024-11-18
39,96,Y,93,237,Np,5,0.018841,0.0039462,0.016081,0.0033542,,,2024-11-18
39,97,Y,93,237,Np,0,0.0074711,0.00099277,0.0067667,0.00084206,,,2024-11-18
39,97,Y,93,237,Np,1,0.025465,0.0033838,0.025012,0.0031125,,,2024-11-18
39,97,Y,93,237,Np,29,0.0068425,0.00090924,0.0085956,0.0010696,,,2024-11-18
39,98,Y,93,237,Np,0,0.0065773,0.0012056,0.0057647,0.00093893,,,2024-11-18
39,98,Y,93,237,Np,2,0.027662,0.0050703,0.027947,0.0045519,,,2024-11-18
39,99,Y,93,237,Np,0,0.021622,0.0045279,0.029216,0.006,,,2024-11-18
39,100,Y,93,237,Np,0,0.0028605,0.00091555,0.0042394,0.00132,,,2024-11-18
39,100,Y,93,237,Np,4,0.0028605,0.00091555,0.0042394,0.00132,,,2024-11-18
39,101,Y,93,237,Np,0,0.0013868,0.00048567,0.002329,0.00080474,,,2024-11-18
39,102,Y,93,237,Np,0,0.0000917,0.000034039,0.00016483,0.000059685,,,2024-11-18
39,102,Y,93,237,Np,-2,0.0000917,0.000034039,0.00016483,0.000059685,,,2024-11-18
39,103,Y,93,237,Np,0,0.000015341,0.0000054865,0.000034304,0.000012094,,,2024-11-18
39,104,Y,93,237,Np,0,0.00000048605,0.00000016414,0.0000015012,0.00000053576,,,2024-11-18
39,105,Y,93,237,Np,0,0.000000012006,0.0000000040369,0.000000045522,0.000000016097,,,2024-11-18
39,106,Y,93,237,Np,0,0.000000000067284,0.000000000024029,0.00000000045812,0.00000000016488,,,2024-11-18
40,90,Zr,93,237,Np,0,0.0000000000080115,0.0000000000028214,0.0000000000014784,0.00000000000053438,,,2024-11-18
40,90,Zr,93,237,Np,-2,0.000000000033693,0.000000000011866,0.000000000007167,0.0000000000025906,,,2024-11-18
40,91,Zr,93,237,Np,0,0.0000000030001,0.0000000010951,0.00000000078805,0.00000000028371,,,2024-11-18
40,92,Zr,93,237,Np,0,0.00000017262,0.00000006529,0.000000055643,0.000000020391,,,2024-11-18
40,93,Zr,93,237,Np,0,0.0000052243,0.0000018131,0.0000018034,0.00000066565,,,2024-11-18
40,94,Zr,93,237,Np,0,0.000085358,0.000029005,0.000034745,0.000012196,,,2024-11-18
40,95,Zr,93,237,Np,0,0.00076033,0.00026418,0.00035622,0.00012602,,,2024-11-18
40,96,Zr,93,237,Np,0,0.0042626,0.0016045,0.0022733,0.00080465,,,2024-11-18
40,97,Zr,93,237,Np,0,0.0091657,0.003914,0.0082729,0.0028024,,,2024-11-18
40,98,Zr,93,237,Np,0,0.023655,0.0070966,0.022065,0.0052965,,,2024-11-18
40,99,Zr,93,237,Np,0,0.037759,0.0057146,0.040975,0.0067329,,,2024-11-18
40,100,Zr,93,237,Np,0,0.046307,0.0080831,0.043624,0.0050548,,,2024-11-18
40,101,Zr,93,237,Np,0,0.029094,0.0067426,0.027963,0.0055931,,,2024-11-18
40,102,Zr,93,237,Np,0,0.016894,0.0052877,0.015747,0.0044349,,,2024-11-18
40,103,Zr,93,237,Np,0,0.003881,0.0013266,0.0044165,0.0014903,,,2024-11-18
40,104,Zr,93,237,Np,0,0.00053496,0.00017905,0.00084069,0.00029648,,,2024-11-18
40,105,Zr,93,237,Np,0,0.000037382,0.000012561,0.000071931,0.000025401,,,2024-11-18
40,106,Zr,93,237,Np,0,0.0000010644,0.00000038011,0.000003671,0.0000013211,,,2024-11-18
40,107,Zr,93,237,Np,0,0.000000013636,0.0000000050598,0.000000065895,0.000000025434,,,2024-11-18
40,110,Zr,93,237,Np,0,0.000000000060351,0.000000000023327,0.00000000010068,0.000000000039459,,,2024-11-18
41,92,Nb,93,237,Np,0,0.0000000000018601,0.00000000000070357,,,,,2024-11-18
41,92,Nb,93,237,Np,1,0.0000000000013109,0.00000000000049583,,,,,2024-11-18
41,93,Nb,93,237,Np,0,0.00000000038521,0.00000000013368,0.0000000001245,0.000000000045955,,,2024-11-18
41,93,Nb,93,237,Np,1,0.00000000008907,0.00000000003091,0.000000000025068,0.0000000000092529,,,2024-11-18
41,94,Nb,93,237,Np,0,0.000000013126,0.0000000044569,0.0000000052289,0.0000000018356,,,2024-11-18
41,94,Nb,93,237,Np,1,0.0000000092502,0.000000003141,0.0000000031266,0.0000000010976,,,2024-11-18
41,95,Nb,93,237,Np,0,0.00000075122,0.00000025934,0.00000032984,0.00000011689,,,2024-11-18
41,95,Nb,93,237,Np,1,0.0000001737,0.000000059964,0.000000066411,0.000000023534,,,2024-11-18
41,96,Nb,93,237,Np,0,0.0000152,0.0000054905,0.0000070234,0.0000025279,,,2024-11-18
41,97,Nb,93,237,Np,0,0.00013702,0.000053357,0.000091522,0.000033459,,,2024-11-18
41,97,Nb,93,237,Np,1,0.000031682,0.000012337,0.000018428,0.0000067368,,,2024-11-18
41,98,Nb,93,237,Np,0,0.0002947,0.00010388,0.00017052,0.000060616,,,2024-11-18
41,98,Nb,93,237,Np,1,0.0008893,0.00031348,0.00059414,0.0002112,,,2024-11-18
41,99,Nb,93,237,Np,0,0.0051703,0.0015781,0.0045089,0.0013994,,,2024-11-18
41,99,Nb,93,237,Np,1,0.0011955,0.0003649,0.00090786,0.00028177,,,2024-11-18
41,100,Nb,93,237,Np,0,0.0030421,0.00090078,0.0022428,0.00064233,,,2024-11-18
41,100,Nb,93,237,Np,4,0.012794,0.0037883,0.010873,0.003114,,,2024-11-18
41,101,Nb,93,237,Np,0,0.035102,0.0065698,0.029939,0.0055439,,,2024-11-18
41,102,Nb,93,237,Np,0,0.021593,0.0036135,0.017734,0.002554,,,2024-11-18
41,102,Nb,93,237,Np,1,0.021593,0.0036135,0.017734,0.002554,,,2024-11-18
41,103,Nb,93,237,Np,0,0.034877,0.0054943,0.033572,0.0048561,,,2024-11-18
41,104,Nb,93,237,Np,0,0.005153,0.0013457,0.007399,0.0017667,,,2024-11-18
41,104,Nb,93,237,Np,4,0.005153,0.0013457,0.007399,0.0017667,,,2024-11-18
41,105,Nb,93,237,Np,0,0.0027897,0.00087122,0.005048,0.0015571,,,2024-11-18
41,106,Nb,93,237,Np,0,0.00023347,0.000082641,0.00075652,0.00026614,,,2024-11-18
41,107,Nb,93,237,Np,0,0.000014835,0.0000054984,0.000066925,0.00002574,,,2024-11-18
41,108,Nb,93,237,Np,0,0.00000017586,0.00000007034,0.00000049648,0.00000020283,,,2024-11-18
41,109,Nb,93,237,Np,0,0.000000095681,0.000000038868,0.00000028492,0.000000116,,,2024-11-18
41,110,Nb,93,237,Np,0,0.00000016258,0.00000006283,0.00000039716,0.00000015563,,,2024-11-18
41,111,Nb,93,237,Np,0,0.0000000017636,0.00000000069058,0.0000000040649,0.0000000015425,,,2024-11-18
41,112,Nb,93,237,Np,0,0.0000000000086673,0.0000000000033735,0.000000000020002,0.0000000000080643,,,2024-11-18
42,94,Mo,93,237,Np,0,0,0,0,0,,,2024-11-18
42,95,Mo,93,237,Np,0,0.000000000073959,0.000000000025532,0.000000000015889,0.0000000000056308,,,2024-11-18
42,96,Mo,93,237,Np,0,0.0000000055499,0.0000000020046,0.0000000012912,0.00000000046476,,,2024-11-18
42,97,Mo,93,237,Np,0,0.00000017176,0.000000066897,0.000000056557,0.000000020703,,,2024-11-18
42,98,Mo,93,237,Np,0,0.0000052414,0.0000018613,0.0000017197,0.0000006176,,,2024-11-18
42,99,Mo,93,237,Np,0,0.000073714,0.000024144,0.000032256,0.000010623,,,2024-11-18
42,100,Mo,93,237,Np,0,0.00069914,0.00025701,0.0003121,0.00011037,,,2024-11-18
42,101,Mo,93,237,Np,0,0.0033622,0.0012355,0.0016982,0.00059539,,,2024-11-18
42,102,Mo,93,237,Np,0,0.012275,0.0044147,0.0074142,0.0024028,,,2024-11-18
42,103,Mo,93,237,Np,0,0.019783,0.0052223,0.015749,0.0040482,,,2024-11-18
42,104,Mo,93,237,Np,0,0.025009,0.0035412,0.024201,0.0037155,,,2024-11-18
42,105,Mo,93,237,Np,0,0.016057,0.0026092,0.018732,0.0025656,,,2024-11-18
42,106,Mo,93,237,Np,0,0.0060132,0.001572,0.011626,0.0022584,,,2024-11-18
42,107,Mo,93,237,Np,0,0.0011678,0.00039641,0.0029205,0.00094805,,,2024-11-18
42,108,Mo,93,237,Np,0,0.00034642,0.00013,0.00073461,0.00028067,,,2024-11-18
42,109,Mo,93,237,Np,0,0.00014891,0.000056797,0.00033041,0.00012648,,,2024-11-18
42,110,Mo,93,237,Np,0,0.000049026,0.000018108,0.000096327,0.000036274,,,2024-11-18
42,111,Mo,93,237,Np,0,0.0000023257,0.00000090745,0.000004319,0.0000016336,,,2024-11-18
42,112,Mo,93,237,Np,0,0.000000075804,0.000000029499,0.00000014138,0.000000056993,,,2024-11-18
42,113,Mo,93,237,Np,0,0.0000000012125,0.00000000047602,0.0000000020914,0.00000000083064,,,2024-11-18
42,114,Mo,93,237,Np,0,0.000000000016778,0.0000000000065512,0.000000000032537,0.000000000012848,,,2024-11-18
43,97,Tc,93,237,Np,0,0.0000000000034548,0.0000000000013456,0.00000000000091656,0.00000000000033549,,,2024-11-18
43,98,Tc,93,237,Np,0,0.00000000041466,0.00000000014724,0.00000000010728,0.00000000003853,,,2024-11-18
43,99,Tc,93,237,Np,0,0.000000018891,0.0000000061859,0.0000000067042,0.0000000022084,,,2024-11-18
43,99,Tc,93,237,Np,2,0.000000004368,0.0000000014303,0.0000000013499,0.00000000044464,,,2024-11-18
43,100,Tc,93,237,Np,0,0.00000068931,0.00000025282,0.00000024334,0.000000086345,,,2024-11-18
43,101,Tc,93,237,Np,0,0.000013178,0.0000048078,0.0000051143,0.0000018289,,,2024-11-18
43,102,Tc,93,237,Np,0,0.000081805,0.000030345,0.000033436,0.00001215,,,2024-11-18
43,102,Tc,93,237,Np,1,0.000081805,0.000030345,0.000033436,0.00001215,,,2024-11-18
43,103,Tc,93,237,Np,0,0.0010639,0.00036332,0.00052611,0.00018364,,,2024-11-18
43,104,Tc,93,237,Np,0,0.0034675,0.0010016,0.0022524,0.00075529,,,2024-11-18
43,105,Tc,93,237,Np,0,0.0077904,0.0017596,0.0058479,0.0016455,,,2024-11-18
43,106,Tc,93,237,Np,0,0.0069856,0.0014632,0.0099138,0.002088,,,2024-11-18
43,107,Tc,93,237,Np,0,0.0039174,0.00072667,0.0085798,0.0014913,,,2024-11-18
43,108,Tc,93,237,Np,0,0.0020501,0.0003424,0.005197,0.00082629,,,2024-11-18
43,109,Tc,93,237,Np,0,0.00096952,0.00016301,0.0025402,0.00037569,,,2024-11-18
43,110,Tc,93,237,Np,0,0.00035359,0.000080694,0.0008898,0.00020162,,,2024-11-18
43,111,Tc,93,237,Np,0,0.000088525,0.00002947,0.00020972,0.000066339,,,2024-11-18
43,112,Tc,93,237,Np,0,0.000012206,0.0000046065,0.000028832,0.000011284,,,2024-11-18
43,113,Tc,93,237,Np,0,0.0000010168,0.00000039787,0.0000022203,0.00000087905,,,2024-11-18
43,114,Tc,93,237,Np,0,0.000000055069,0.000000021497,0.00000013511,0.00000005334,,,2024-11-18
43,115,Tc,93,237,Np,0,0.0000000020809,0.00000000077729,0.0000000055871,0.000000002183,,,2024-11-18
43,116,Tc,93,237,Np,0,0.000000000066233,0.000000000026021,0.00000000019545,0.000000000077916,,,2024-11-18
43,117,Tc,93,237,Np,0,0.0000000000026143,0.000000000001018,0.0000000000081816,0.0000000000032394,,,2024-11-18
44,99,Ru,93,237,Np,0,0,0,0,0,,,2024-11-18
44,100,Ru,93,237,Np,0,0.000000000032909,0.00000000001207,0.0000000000078754,0.0000000000027945,,,2024-11-18
44,101,Ru,93,237,Np,0,0.0000000022475,0.00000000082038,0.00000000059363,0.0000000002123,,,2024-11-18
44,102,Ru,93,237,Np,0,0.000000098044,0.000000036605,0.000000027523,0.000000010016,,,2024-11-18
44,103,Ru,93,237,Np,0,0.00000063659,0.00000022777,0.00000020067,0.000000070783,,,2024-11-18
44,103,Ru,93,237,Np,5,0.0000015368,0.00000054988,0.00000056148,0.00000019805,,,2024-11-18
44,104,Ru,93,237,Np,0,0.000022839,0.0000077057,0.000011073,0.0000039551,,,2024-11-18
44,105,Ru,93,237,Np,0,0.00015962,0.000053195,0.000093992,0.00003343,,,2024-11-18
44,106,Ru,93,237,Np,0,0.00051394,0.0001735,0.00052077,0.00019103,,,2024-11-18
44,107,Ru,93,237,Np,0,0.00099946,0.00029603,0.0012977,0.00046582,,,2024-11-18
44,108,Ru,93,237,Np,0,0.00027099,0.00010137,0.00061911,0.00024739,,,2024-11-18
44,109,Ru,93,237,Np,0,0.00012804,0.000048979,0.00031814,0.00012488,,,2024-11-18
44,110,Ru,93,237,Np,0,0.000232,0.000067565,0.0005803,0.00017284,,,2024-11-18
44,111,Ru,93,237,Np,0,0.00023487,0.00004729,0.00057973,0.000099779,,,2024-11-18
44,112,Ru,93,237,Np,0,0.0001288,0.000030443,0.00032767,0.000084218,,,2024-11-18
44,113,Ru,93,237,Np,0,0.000021638,0.00000719,0.00005126,0.000017391,,,2024-11-18
44,113,Ru,93,237,Np,-2,0.000021638,0.00000719,0.00005126,0.000017391,,,2024-11-18
44,114,Ru,93,237,Np,0,0.0000094017,0.0000035296,0.000025035,0.0000095295,,,2024-11-18
44,115,Ru,93,237,Np,0,0.0000013717,0.00000050892,0.0000039885,0.0000015494,,,2024-11-18
44,116,Ru,93,237,Np,0,0.0000001549,0.000000060812,0.00000049247,0.0000001962,,,2024-11-18
44,117,Ru,93,237,Np,0,0.000000017741,0.0000000069071,0.000000059584,0.00000002359,,,2024-11-18
44,118,Ru,93,237,Np,0,0.0000000014502,0.00000000057027,0.0000000051456,0.0000000019871,,,2024-11-18
44,119,Ru,93,237,Np,0,0.000000000084356,0.00000000003327,0.00000000029364,0.0000000001138,,,2024-11-18
45,102,Rh,93,237,Np,0,0.0000000000014011,0.00000000000052312,,,,,2024-11-18
45,103,Rh,93,237,Np,0,0.000000000023368,0.0000000000083621,0.0000000000049355,0.0000000000017408,,,2024-11-18
45,103,Rh,93,237,Np,1,0.00000000015286,0.000000000054701,0.000000000037069,0.000000000013074,,,2024-11-18
45,104,Rh,93,237,Np,0,0.0000000016611,0.00000000056097,0.0000000004933,0.00000000017606,,,2024-11-18
45,104,Rh,93,237,Np,3,0.0000000050127,0.0000000016928,0.0000000017188,0.00000000061343,,,2024-11-18
45,105,Rh,93,237,Np,0,0.00000014512,0.000000048793,0.000000060419,0.000000021364,,,2024-11-18
45,105,Rh,93,237,Np,1,0.000000022184,0.000000007459,0.0000000080444,0.0000000028446,,,2024-11-18
45,106,Rh,93,237,Np,0,0.00000062009,0.00000022141,0.00000041438,0.00000014916,,,2024-11-18
45,106,Rh,93,237,Np,1,0.0000014524,0.0000005186,0.0000011295,0.00000040658,,,2024-11-18
45,107,Rh,93,237,Np,0,0.000015091,0.0000055871,0.000015902,0.0000061405,,,2024-11-18
45,108,Rh,93,237,Np,0,0.000000056426,0.000000022569,0.00000012265,0.000000050113,,,2024-11-18
45,108,Rh,93,237,Np,-2,0.00000017027,0.000000068106,0.00000042737,0.00000017461,,,2024-11-18
45,109,Rh,93,237,Np,0,0.00000010611,0.000000043106,0.00000027154,0.00000011056,,,2024-11-18
45,110,Rh,93,237,Np,0,0.00000025807,0.000000098831,0.00000063512,0.00000024693,,,2024-11-18
45,111,Rh,93,237,Np,0,0.000045337,0.000016449,0.00012063,0.000042082,,,2024-11-18
45,112,Rh,93,237,Np,0,0.000047581,0.000013531,0.00012855,0.000038013,,,2024-11-18
45,112,Rh,93,237,Np,-2,0.000047581,0.000013531,0.00012855,0.000038013,,,2024-11-18
45,113,Rh,93,237,Np,0,0.00011195,0.000022713,0.00028334,0.000057613,,,2024-11-18
45,114,Rh,93,237,Np,0,0.000041539,0.000009374,0.00011906,0.000027638,,,2024-11-18
45,114,Rh,93,237,Np,5,0.000041539,0.000009374,0.00011906,0.000027638,,,2024-11-18
45,115,Rh,93,237,Np,0,0.000041094,0.00001185,0.00012889,0.000040216,,,2024-11-18
45,116,Rh,93,237,Np,0,0.000004503,0.0000016436,0.000013802,0.0000051294,,,2024-11-18
45,116,Rh,93,237,Np,1,0.000010547,0.0000038497,0.000037621,0.000013982,,,2024-11-18
45,117,Rh,93,237,Np,0,0.0000047367,0.0000018032,0.000017037,0.0000066027,,,2024-11-18
45,118,Rh,93,237,Np,0,0.0000010892,0.00000042618,0.000004123,0.0000015846,,,2024-11-18
45,119,Rh,93,237,Np,0,0.0000001816,0.000000071564,0.00000067182,0.00000026015,,,2024-11-18
45,120,Rh,93,237,Np,0,0.0000000028223,0.000000001107,0.0000000098151,0.0000000037935,,,2024-11-18
45,121,Rh,93,237,Np,0,0.000000000090384,0.000000000035654,0.00000000028316,0.00000000010971,,,2024-11-18
45,122,Rh,93,237,Np,0,0.0000000000024838,0.00000000000097062,0.0000000000063668,0.0000000000024614,,,2024-11-18
46,104,Pd,93,237,Np,0,0,0,0,0,,,2024-11-18
46,105,Pd,93,237,Np,0,0.0000000000065991,0.0000000000022189,0.0000000000018349,0.00000000000064884,,,2024-11-18
46,106,Pd,93,237,Np,0,0.0000000003325,0.00000000011874,0.00000000016944,0.000000000060984,,,2024-11-18
46,107,Pd,93,237,Np,0,0.0000000033886,0.0000000012574,0.0000000022209,0.00000000085721,,,2024-11-18
46,107,Pd,93,237,Np,2,0.0000000063684,0.000000002363,0.0000000048814,0.0000000018841,,,2024-11-18
46,108,Pd,93,237,Np,0,0,0,0.000000000001275,0.0000000000005209,,,2024-11-18
46,109,Pd,93,237,Np,0,0,0,0,0,,,2024-11-18
46,109,Pd,93,237,Np,2,0,0,0,0,,,2024-11-18
46,110,Pd,93,237,Np,0,0.000000019751,0.0000000076342,0.000000059615,0.000000023365,,,2024-11-18
46,111,Pd,93,237,Np,0,0.00000016854,0.000000065945,0.00000043966,0.00000016669,,,2024-11-18
46,111,Pd,93,237,Np,2,0.00000031674,0.00000012394,0.00000096634,0.00000036639,,,2024-11-18
46,112,Pd,93,237,Np,0,0.0000046468,0.000001788,0.000013617,0.0000054259,,,2024-11-18
46,113,Pd,93,237,Np,0,0.0000061685,0.0000022489,0.000015063,0.0000055296,,,2024-11-18
46,113,Pd,93,237,Np,2,0.000014891,0.0000054293,0.000042144,0.000015471,,,2024-11-18
46,114,Pd,93,237,Np,0,0.000052067,0.00001552,0.00015871,0.000047154,,,2024-11-18
46,115,Pd,93,237,Np,0,0.000027066,0.000004891,0.000081136,0.000016661,,,2024-11-18
46,115,Pd,93,237,Np,1,0.000050868,0.000009192,0.00017833,0.000036621,,,2024-11-18
46,116,Pd,93,237,Np,0,0.000080658,0.000016395,0.00029312,0.00006092,,,2024-11-18
46,117,Pd,93,237,Np,0,0.000021691,0.0000054717,0.000074867,0.000019461,,,2024-11-18
46,117,Pd,93,237,Np,-2,0.000040765,0.000010283,0.00016455,0.000042775,,,2024-11-18
46,118,Pd,93,237,Np,0,0.000036779,0.000011772,0.00014823,0.000046906,,,2024-11-18
46,119,Pd,93,237,Np,0,0.000016323,0.0000059439,0.000064086,0.000022983,,,2024-11-18
46,120,Pd,93,237,Np,0,0.0000016515,0.000000643,0.0000060344,0.0000023156,,,2024-11-18
46,121,Pd,93,237,Np,0,0.00000019562,0.000000077103,0.00000064092,0.00000024813,,,2024-11-18
46,122,Pd,93,237,Np,0,0.000000018361,0.0000000071748,0.000000048878,0.000000018895,,,2024-11-18
46,123,Pd,93,237,Np,0,0.000000001255,0.00000000049512,0.000000002718,0.000000001063,,,2024-11-18
46,124,Pd,93,237,Np,0,0.000000000047763,0.000000000018805,0.000000000090127,0.000000000035214,,,2024-11-18
47,109,Ag,93,237,Np,0,0,0,0,0,,,2024-11-18
47,109,Ag,93,237,Np,1,0,0,0,0,,,2024-11-18
47,110,Ag,93,237,Np,2,0.0000000000010557,0.00000000000040804,0.0000000000036106,0.0000000000014151,,,2024-11-18
47,111,Ag,93,237,Np,0,0.000000000028675,0.000000000011228,0.000000000080116,0.000000000030401,,,2024-11-18
47,111,Ag,93,237,Np,1,0.00000000018757,0.00000000007345,0.00000000060172,0.00000000022833,,,2024-11-18
47,112,Ag,93,237,Np,0,0.000000010686,0.0000000041592,0.00000003409,0.000000013744,,,2024-11-18
47,113,Ag,93,237,Np,0,0.000000029018,0.000000011384,0.000000075897,0.00000003012,,,2024-11-18
47,113,Ag,93,237,Np,1,0.00000018982,0.00000007447,0.00000057003,0.00000022622,,,2024-11-18
47,114,Ag,93,237,Np,0,0.00000040606,0.0000001572,0.0000011915,0.00000046616,,,2024-11-18
47,114,Ag,93,237,Np,-2,0.0000017077,0.00000066114,0.0000057765,0.0000022599,,,2024-11-18
47,115,Ag,93,237,Np,0,0.0000014065,0.00000049729,0.0000044433,0.0000016444,,,2024-11-18
47,115,Ag,93,237,Np,1,0.0000092005,0.000003253,0.000033372,0.000012351,,,2024-11-18
47,116,Ag,93,237,Np,0,0.000009397,0.0000031219,0.000032377,0.000010828,,,2024-11-18
47,116,Ag,93,237,Np,1,0.00002201,0.0000073121,0.000088253,0.000029516,,,2024-11-18
47,117,Ag,93,237,Np,0,0.0000075135,0.0000020134,0.000026781,0.0000071956,,,2024-11-18
47,117,Ag,93,237,Np,1,0.00004915,0.000013171,0.00020114,0.000054043,,,2024-11-18
47,118,Ag,93,237,Np,0,0.000014899,0.0000031485,0.00005603,0.000011504,,,2024-11-18
47,118,Ag,93,237,Np,4,0.000062661,0.000013242,0.00027163,0.000055771,,,2024-11-18
47,119,Ag,93,237,Np,0,0.000070841,0.000014318,0.00029737,0.000059302,,,2024-11-18
47,120,Ag,93,237,Np,0,0.000018336,0.0000055929,0.000063648,0.000019234,,,2024-11-18
47,120,Ag,93,237,Np,2,0.000026017,0.0000079361,0.00010644,0.000032167,,,2024-11-18
47,121,Ag,93,237,Np,0,0.000017673,0.0000064391,0.000060511,0.000021662,,,2024-11-18
47,122,Ag,93,237,Np,0,0.0000027995,0.000001072,0.0000070727,0.00000268,,,2024-11-18
47,122,Ag,93,237,Np,1,0.0000025218,0.00000096567,0.0000076253,0.0000028895,,,2024-11-18
47,123,Ag,93,237,Np,0,0.0000011882,0.00000046715,0.0000026506,0.0000010331,,,2024-11-18
47,124,Ag,93,237,Np,0,0.000000086717,0.000000034131,0.00000015332,0.000000059885,,,2024-11-18
47,124,Ag,93,237,Np,1,0.000000078113,0.000000030744,0.0000001653,0.000000064565,,,2024-11-18
47,125,Ag,93,237,Np,0,0.000000013448,0.0000000052956,0.000000025051,0.0000000092465,,,2024-11-18
47,129,Ag,93,237,Np,0,0.0000000063045,0.0000000024583,0.0000000032827,0.000000001416,,,2024-11-18
47,130,Ag,93,237,Np,0,0.00000000027601,0.00000000011438,0.000000000072765,0.000000000031702,,,2024-11-18
48,110,Cd,93,237,Np,0,0,0,0,0,,,2024-11-18
48,111,Cd,93,237,Np,0,0,0,0,0,,,2024-11-18
48,112,Cd,93,237,Np,0,0,0,0.000000000003298,0.0000000000013297,,,2024-11-18
48,113,Cd,93,237,Np,0,0.000000000022125,0.0000000000086863,0.000000000063535,0.000000000025235,,,2024-11-18
48,113,Cd,93,237,Np,1,0.000000000072387,0.000000000028419,0.00000000024061,0.000000000095565,,,2024-11-18
48,114,Cd,93,237,Np,0,0.0000000039694,0.0000000015498,0.000000014219,0.0000000056146,,,2024-11-18
48,115,Cd,93,237,Np,0,0.000000017899,0.0000000066833,0.000000061567,0.000000024046,,,2024-11-18
48,115,Cd,93,237,Np,1,0.000000058559,0.000000021866,0.00000023315,0.000000091064,,,2024-11-18
48,116,Cd,93,237,Np,0,0.00000074504,0.00000029171,0.0000030724,0.0000012204,,,2024-11-18
48,117,Cd,93,237,Np,0,0.00000081315,0.00000031147,0.0000031126,0.0000012113,,,2024-11-18
48,117,Cd,93,237,Np,2,0.0000026603,0.000001019,0.000011787,0.0000045873,,,2024-11-18
48,118,Cd,93,237,Np,0,0.000011801,0.000004383,0.000052665,0.000019166,,,2024-11-18
48,119,Cd,93,237,Np,0,0.0000087123,0.0000029392,0.000033784,0.000011142,,,2024-11-18
48,119,Cd,93,237,Np,2,0.000021033,0.0000070957,0.000094526,0.000031176,,,2024-11-18
48,120,Cd,93,237,Np,0,0.000076334,0.00001694,0.00030281,0.00006561,,,2024-11-18
48,121,Cd,93,237,Np,0,0.000026014,0.0000052617,0.000083037,0.000016279,,,2024-11-18
48,121,Cd,93,237,Np,2,0.0000628,0.000012702,0.00023233,0.000045547,,,2024-11-18
48,122,Cd,93,237,Np,0,0.000075535,0.000019528,0.00021619,0.000055579,,,2024-11-18
48,123,Cd,93,237,Np,0,0.000014551,0.0000048449,0.000030093,0.0000099361,,,2024-11-18
48,123,Cd,93,237,Np,2,0.000035128,0.000011696,0.000084197,0.000027801,,,2024-11-18
48,124,Cd,93,237,Np,0,0.000023126,0.0000086659,0.000045854,0.000017027,,,2024-11-18
48,125,Cd,93,237,Np,0,0.0000020533,0.00000080137,0.0000035085,0.0000012811,,,2024-11-18
48,125,Cd,93,237,Np,1,0.0000049569,0.0000019346,0.0000098165,0.0000035845,,,2024-11-18
48,126,Cd,93,237,Np,0,0.000000074732,0.000000031305,0.00000013099,0.000000056947,,,2024-11-18
48,127,Cd,93,237,Np,0,0.00000014518,0.00000006821,0.00000038794,0.00000016799,,,2024-11-18
48,128,Cd,93,237,Np,0,0.00000036275,0.00000015465,0.0000007288,0.00000030746,,,2024-11-18
48,129,Cd,93,237,Np,0,0.000004016,0.0000015628,0.0000029026,0.0000012491,,,2024-11-18
48,129,Cd,93,237,Np,1,0.000009695,0.0000037728,0.0000081214,0.0000034948,,,2024-11-18
48,130,Cd,93,237,Np,0,0.0000021381,0.00000088592,0.00000087391,0.00000038069,,,2024-11-18
48,131,Cd,93,237,Np,0,0.00000012481,0.000000056469,0.000000042492,0.000000015802,,,2024-11-18
48,132,Cd,93,237,Np,0,0.0000000031585,0.0000000011888,0.00000000086679,0.00000000031467,,,2024-11-18
49,113,In,93,237,Np,0,0,0,0,0,,,2024-11-18
49,115,In,93,237,Np,0,0.000000000018205,0.0000000000068,0.000000000077992,0.000000000030473,,,2024-11-18
49,115,In,93,237,Np,1,0.0000000000042093,0.0000000000015723,0.000000000015703,0.0000000000061357,,,2024-11-18
49,116,In,93,237,Np,0,0.00000000019402,0.000000000076226,0.00000000077178,0.00000000030767,,,2024-11-18
49,116,In,93,237,Np,1,0.00000000029739,0.00000000011683,0.0000000012463,0.00000000049683,,,2024-11-18
49,116,In,93,237,Np,4,0.00000000028803,0.00000000011316,0.0000000014429,0.0000000005752,,,2024-11-18
49,117,In,93,237,Np,0,0.0000000083405,0.0000000032475,0.000000039273,0.000000015549,,,2024-11-18
49,117,In,93,237,Np,1,0.0000000019285,0.0000000007509,0.0000000079075,0.0000000031308,,,2024-11-18
49,118,In,93,237,Np,0,0.00000002401,0.0000000094375,0.00000010232,0.000000039495,,,2024-11-18
49,118,In,93,237,Np,1,0.000000036801,0.000000014465,0.00000016523,0.000000063777,,,2024-11-18
49,118,In,93,237,Np,3,0.000000035643,0.00000001401,0.00000019129,0.000000073837,,,2024-11-18
49,119,In,93,237,Np,0,0.00000053124,0.00000020891,0.0000024913,0.0000009625,,,2024-11-18
49,119,In,93,237,Np,1,0.00000012283,0.000000048304,0.00000050161,0.0000001938,,,2024-11-18
49,120,In,93,237,Np,0,0.0000031248,0.0000011735,0.000012945,0.0000047859,,,2024-11-18
49,120,In,93,237,Np,1,0.0000031248,0.0000011735,0.000012945,0.0000047859,,,2024-11-18
49,120,In,93,237,Np,2,0.0000031248,0.0000011735,0.000012945,0.0000047859,,,2024-11-18
49,121,In,93,237,Np,0,0.000026386,0.0000088968,0.000099122,0.000032653,,,2024-11-18
49,121,In,93,237,Np,1,0.0000061011,0.0000020572,0.000019958,0.0000065746,,,2024-11-18
49,122,In,93,237,Np,0,0.000030297,0.0000079832,0.000080341,0.000020803,,,2024-11-18
49,122,In,93,237,Np,1,0.000021495,0.0000056639,0.00006718,0.000017395,,,2024-11-18
49,122,In,93,237,Np,5,0.000021495,0.0000056639,0.00006718,0.000017395,,,2024-11-18
49,123,In,93,237,Np,0,0.00010274,0.000020996,0.00024751,0.00004987,,,2024-11-18
49,123,In,93,237,Np,1,0.000023757,0.0000048548,0.000049836,0.000010041,,,2024-11-18
49,124,In,93,237,Np,0,0.000090268,0.000019585,0.00016833,0.000036037,,,2024-11-18
49,124,In,93,237,Np,2,0.000081312,0.000017642,0.00018149,0.000038853,,,2024-11-18
49,125,In,93,237,Np,0,0.00013756,0.000040996,0.00027786,0.000073286,,,2024-11-18
49,125,In,93,237,Np,1,0.000031808,0.0000094792,0.000055947,0.000014756,,,2024-11-18
49,126,In,93,237,Np,0,0.000047562,0.000018761,0.000077314,0.000031394,,,2024-11-18
49,126,In,93,237,Np,1,0.000042843,0.000016899,0.000083356,0.000033847,,,2024-11-18
49,127,In,93,237,Np,0,0.00014148,0.000063014,0.00040341,0.00015743,,,2024-11-18
49,127,In,93,237,Np,9,0.000032713,0.000014571,0.000081224,0.000031698,,,2024-11-18
49,128,In,93,237,Np,0,0.00016144,0.000063223,0.0003222,0.0001152,,,2024-11-18
49,128,In,93,237,Np,-2,0.000065714,0.000025736,0.00012616,0.000045108,,,2024-11-18
49,128,In,93,237,Np,-3,0.00020461,0.000080132,0.00048339,0.00017284,,,2024-11-18
49,129,In,93,237,Np,0,0.0010039,0.00028343,0.0014375,0.00043882,,,2024-11-18
49,129,In,93,237,Np,1,0.00023212,0.000065535,0.00028944,0.000088354,,,2024-11-18
49,130,In,93,237,Np,0,0.00015959,0.000061478,0.000094055,0.000038653,,,2024-11-18
49,130,In,93,237,Np,1,0.00017825,0.000068666,0.00013695,0.00005628,,,2024-11-18
49,130,In,93,237,Np,2,0.00030328,0.00011683,0.00019077,0.000078397,,,2024-11-18
49,131,In,93,237,Np,0,0.000047185,0.000021346,0.000025063,0.0000092374,,,2024-11-18
49,131,In,93,237,Np,1,0.000047185,0.000021346,0.000025063,0.0000092374,,,2024-11-18
49,131,In,93,237,Np,4,0.000047185,0.000021346,0.000025063,0.0000092374,,,2024-11-18
49,132,In,93,237,Np,0,0.000014237,0.0000053595,0.0000060825,0.0000022067,,,2024-11-18
49,133,In,93,237,Np,0,0.00000067158,0.00000022925,0.0000002206,0.000000078137,,,2024-11-18
49,133,In,93,237,Np,1,0.00000015529,0.000000053008,0.000000044417,0.000000015733,,,2024-11-18
49,134,In,93,237,Np,0,0.000000012631,0.0000000044908,0.0000000036308,0.000000001294,,,2024-11-18
49,135,In,93,237,Np,0,0.00000000013787,0.000000000052105,0.00000000002752,0.000000000010337,,,2024-11-18
50,115,Sn,93,237,Np,0,0,0,0,0,,,2024-11-18
50,116,Sn,93,237,Np,0,0,0,0,0,,,2024-11-18
50,117,Sn,93,237,Np,0,0.00000000000027675,0.00000000000010776,0.0000000000012179,0.00000000000048222,,,2024-11-18
50,117,Sn,93,237,Np,2,0.00000000000090545,0.00000000000035256,0.0000000000046122,0.0000000000018262,,,2024-11-18
50,118,Sn,93,237,Np,0,0.0000000000323,0.000000000012702,0.00000000016405,0.000000000063353,,,2024-11-18
50,119,Sn,93,237,Np,0,0.0000000001476,0.000000000058216,0.00000000064026,0.00000000024811,,,2024-11-18
50,119,Sn,93,237,Np,2,0.00000000048291,0.00000000019046,0.0000000024246,0.00000000093959,,,2024-11-18
50,120,Sn,93,237,Np,0,0.000000060198,0.000000023606,0.00000026196,0.00000010122,,,2024-11-18
50,121,Sn,93,237,Np,0,0.00000021027,0.0000000827,0.00000072381,0.00000027965,,,2024-11-18
50,121,Sn,93,237,Np,1,0.00000050762,0.00000019965,0.0000020252,0.00000078245,,,2024-11-18
50,122,Sn,93,237,Np,0,0.0000048391,0.0000018568,0.000014663,0.0000055703,,,2024-11-18
50,123,Sn,93,237,Np,0,0.000016558,0.0000060753,0.000041293,0.000015067,,,2024-11-18
50,123,Sn,93,237,Np,25,0.0000068588,0.0000025166,0.000014758,0.000005385,,,2024-11-18
50,124,Sn,93,237,Np,0,0.000091229,0.000028521,0.00018527,0.00005797,,,2024-11-18
50,125,Sn,93,237,Np,0,0.00018747,0.000042762,0.00037611,0.000072113,,,2024-11-18
50,125,Sn,93,237,Np,1,0.000077654,0.000017713,0.00013442,0.000025773,,,2024-11-18
50,126,Sn,93,237,Np,0,0.00068018,0.00011391,0.001179,0.00025499,,,2024-11-18
50,127,Sn,93,237,Np,0,0.0009176,0.00023604,0.0024677,0.00055795,,,2024-11-18
50,127,Sn,93,237,Np,1,0.0003801,0.000097776,0.00088195,0.00019942,,,2024-11-18
50,128,Sn,93,237,Np,0,0.00094855,0.00016355,0.0016075,0.00035464,,,2024-11-18
50,128,Sn,93,237,Np,-2,0.0022218,0.00038307,0.0043816,0.00096666,,,2024-11-18
50,129,Sn,93,237,Np,0,0.0017173,0.00033446,0.0024749,0.00074056,,,2024-11-18
50,129,Sn,93,237,Np,1,0.0041458,0.00080744,0.0069248,0.002072,,,2024-11-18
50,130,Sn,93,237,Np,0,0.0022588,0.00064687,0.0021717,0.00069647,,,2024-11-18
50,130,Sn,93,237,Np,2,0.0052907,0.0015151,0.0059197,0.0018984,,,2024-11-18
50,131,Sn,93,237,Np,0,0.0014472,0.00067607,0.0013976,0.00045659,,,2024-11-18
50,131,Sn,93,237,Np,1,0.0034937,0.0016321,0.0039105,0.0012775,,,2024-11-18
50,132,Sn,93,237,Np,0,0.0023496,0.00091382,0.0016542,0.00058997,,,2024-11-18
50,133,Sn,93,237,Np,0,0.00059723,0.00020575,0.00030034,0.00010625,,,2024-11-18
50,134,Sn,93,237,Np,0,0.000041277,0.000014685,0.000018627,0.0000066384,,,2024-11-18
50,135,Sn,93,237,Np,0,0.0000019526,0.00000073795,0.00000061718,0.00000023182,,,2024-11-18
50,136,Sn,93,237,Np,0,0.000000053135,0.000000020294,0.000000012966,0.0000000047455,,,2024-11-18
50,137,Sn,93,237,Np,0,0.00000000083883,0.00000000030245,0.00000000016769,0.000000000059912,,,2024-11-18
51,120,Sb,93,237,Np,0,0.0000000000049935,0.0000000000019586,0.000000000024033,0.0000000000092891,,,2024-11-18
51,120,Sb,93,237,Np,1,0.0000000000070855,0.0000000000027792,0.000000000040193,0.000000000015535,,,2024-11-18
51,121,Sb,93,237,Np,0,0.00000000060446,0.00000000023844,0.0000000028122,0.0000000010896,,,2024-11-18
51,122,Sb,93,237,Np,0,0.0000000056296,0.0000000021999,0.000000018771,0.0000000072564,,,2024-11-18
51,122,Sb,93,237,Np,5,0.0000000063814,0.0000000024937,0.000000025149,0.0000000097216,,,2024-11-18
51,123,Sb,93,237,Np,0,0.00000020758,0.000000081842,0.00000059677,0.00000023324,,,2024-11-18
51,124,Sb,93,237,Np,0,0.0000008508,0.00000033333,0.0000018762,0.00000072908,,,2024-11-18
51,124,Sb,93,237,Np,1,0.00000065054,0.00000025487,0.0000015136,0.00000058814,,,2024-11-18
51,124,Sb,93,237,Np,2,0.00000087985,0.00000034471,0.0000024232,0.00000094161,,,2024-11-18
51,125,Sb,93,237,Np,0,0.000025646,0.0000097604,0.000059285,0.000020977,,,2024-11-18
51,126,Sb,93,237,Np,0,0.000026424,0.000010542,0.000060513,0.000025076,,,2024-11-18
51,126,Sb,93,237,Np,1,0.000019537,0.0000077944,0.000037797,0.000015663,,,2024-11-18
51,126,Sb,93,237,Np,2,0.000025552,0.000010194,0.000046854,0.000019416,,,2024-11-18
51,127,Sb,93,237,Np,0,0.00015345,0.000068648,0.00047275,0.00019438,,,2024-11-18
51,128,Sb,93,237,Np,0,0.00012437,0.000050016,0.00032239,0.0001301,,,2024-11-18
51,128,Sb,93,237,Np,1,0.00021222,0.000085344,0.00045092,0.00018196,,,2024-11-18
51,129,Sb,93,237,Np,0,0.0013326,0.0004245,0.0032394,0.0011929,,,2024-11-18
51,129,Sb,93,237,Np,11,0.00081436,0.0002594,0.0023973,0.00088275,,,2024-11-18
51,130,Sb,93,237,Np,0,0.0045306,0.0010933,0.005731,0.0014935,,,2024-11-18
51,130,Sb,93,237,Np,1,0.0045306,0.0010933,0.005731,0.0014935,,,2024-11-18
51,131,Sb,93,237,Np,0,0.024331,0.0041905,0.024727,0.0030209,,,2024-11-18
51,132,Sb,93,237,Np,0,0.013024,0.0023939,0.011226,0.0022327,,,2024-11-18
51,132,Sb,93,237,Np,1,0.0095985,0.0017643,0.0099391,0.0019768,,,2024-11-18
51,133,Sb,93,237,Np,0,0.02072,0.0044864,0.015402,0.0040544,,,2024-11-18
51,134,Sb,93,237,Np,0,0.001345,0.00043387,0.00092222,0.00031556,,,2024-11-18
51,134,Sb,93,237,Np,2,0.0031504,0.0010162,0.0025138,0.00086014,,,2024-11-18
51,135,Sb,93,237,Np,0,0.0009319,0.00034399,0.00052607,0.00019652,,,2024-11-18
51,136,Sb,93,237,Np,0,0.000086265,0.00003287,0.000038495,0.000014083,,,2024-11-18
51,137,Sb,93,237,Np,0,0.0000058607,0.0000021128,0.0000021618,0.00000077233,,,2024-11-18
51,138,Sb,93,237,Np,0,0.00000017877,0.000000061029,0.000000057842,0.000000021094,,,2024-11-18
51,139,Sb,93,237,Np,0,0.0000000043623,0.0000000016696,0.0000000011326,0.00000000040808,,,2024-11-18
52,122,Te,93,237,Np,0,0.0000000000025194,0.00000000000098454,0.0000000000070869,0.0000000000027398,,,2024-11-18
52,123,Te,93,237,Np,0,0.000000000027261,0.000000000010755,0.000000000053376,0.000000000020876,,,2024-11-18
52,123,Te,93,237,Np,2,0.000000000089189,0.000000000035188,0.00000000020213,0.000000000079055,,,2024-11-18
52,124,Te,93,237,Np,0,0.0000000061089,0.0000000024051,0.000000011314,0.0000000044206,,,2024-11-18
52,125,Te,93,237,Np,0,0.000000045577,0.000000017944,0.000000071143,0.000000026255,,,2024-11-18
52,125,Te,93,237,Np,2,0.00000014911,0.000000058706,0.00000026942,0.000000099425,,,2024-11-18
52,126,Te,93,237,Np,0,0.0000001012,0.000000042392,0.00000015263,0.000000066355,,,2024-11-18
52,127,Te,93,237,Np,0,0.000000049793,0.000000023395,0.00000010291,0.000000044569,,,2024-11-18
52,127,Te,93,237,Np,2,0.00000012021,0.000000056477,0.00000028795,0.0000001247,,,2024-11-18
52,128,Te,93,237,Np,0,0.00000046342,0.00000019756,0.00000080104,0.00000033797,,,2024-11-18
52,129,Te,93,237,Np,0,0.000017269,0.0000067054,0.000048476,0.00002085,,,2024-11-18
52,129,Te,93,237,Np,1,0.000041691,0.000016188,0.00013563,0.000058338,,,2024-11-18
52,130,Te,93,237,Np,0,0.00086337,0.00034608,0.0013769,0.00057954,,,2024-11-18
52,131,Te,93,237,Np,0,0.0014782,0.00061931,0.0018716,0.00058992,,,2024-11-18
52,131,Te,93,237,Np,1,0.0035685,0.0014951,0.0052367,0.0016506,,,2024-11-18
52,132,Te,93,237,Np,0,0.017637,0.0042897,0.022859,0.0042702,,,2024-11-18
52,133,Te,93,237,Np,0,0.01135,0.0016154,0.01085,0.0014061,,,2024-11-18
52,133,Te,93,237,Np,2,0.027399,0.0038998,0.030359,0.0039341,,,2024-11-18
52,134,Te,93,237,Np,0,0.044724,0.0060276,0.040637,0.0062323,,,2024-11-18
52,135,Te,93,237,Np,0,0.027348,0.0066514,0.018198,0.0053358,,,2024-11-18
52,136,Te,93,237,Np,0,0.012806,0.004156,0.0063142,0.0021673,,,2024-11-18
52,137,Te,93,237,Np,0,0.002472,0.0008605,0.0010378,0.00036692,,,2024-11-18
52,138,Te,93,237,Np,0,0.00034655,0.0001175,0.00013055,0.00004754,,,2024-11-18
52,139,Te,93,237,Np,0,0.000025012,0.0000095675,0.0000076474,0.000002755,,,2024-11-18
52,140,Te,93,237,Np,0,0.0000014513,0.0000005541,0.00000037836,0.00000013876,,,2024-11-18
52,141,Te,93,237,Np,0,0.000000041678,0.000000016959,0.0000000082353,0.0000000029303,,,2024-11-18
52,142,Te,93,237,Np,0,0.00000000082873,0.00000000028837,0.00000000014677,0.000000000051488,,,2024-11-18
53,125,I,93,237,Np,0,0.000000000033871,0.000000000013338,0.000000000081571,0.000000000030109,,,2024-11-18
53,127,I,93,237,Np,0,0,0,0,0,,,2024-11-18
53,129,I,93,237,Np,0,0.000000043296,0.000000016882,0.00000028019,0.00000012086,,,2024-11-18
53,130,I,93,237,Np,0,0.000001206,0.00000049974,0.0000041488,0.0000018073,,,2024-11-18
53,130,I,93,237,Np,1,0.00000051489,0.00000021336,0.000001522,0.00000066303,,,2024-11-18
53,131,I,93,237,Np,0,0.000047884,0.000021642,0.00013337,0.000049446,,,2024-11-18
53,132,I,93,237,Np,0,0.00030072,0.00011213,0.00063881,0.00022675,,,2024-11-18
53,132,I,93,237,Np,3,0.00022163,0.000082641,0.00056559,0.00020075,,,2024-11-18
53,133,I,93,237,Np,0,0.0033939,0.001079,0.0056814,0.0017218,,,2024-11-18
53,133,I,93,237,Np,16,0.002074,0.00065938,0.0042045,0.0012742,,,2024-11-18
53,134,I,93,237,Np,0,0.0095399,0.0026094,0.014763,0.0031449,,,2024-11-18
53,134,I,93,237,Np,5,0.0070311,0.0019232,0.01307,0.0027844,,,2024-11-18
53,135,I,93,237,Np,0,0.045072,0.0069283,0.050078,0.0062389,,,2024-11-18
53,136,I,93,237,Np,0,0.015001,0.002318,0.010863,0.0016196,,,2024-11-18
53,136,I,93,237,Np,2,0.035136,0.0054294,0.02961,0.0044146,,,2024-11-18
53,137,I,93,237,Np,0,0.038293,0.0068069,0.026147,0.0054561,,,2024-11-18
53,138,I,93,237,Np,0,0.012199,0.0031406,0.0084215,0.0026546,,,2024-11-18
53,139,I,93,237,Np,0,0.0035176,0.0012174,0.002137,0.00073933,,,2024-11-18
53,140,I,93,237,Np,0,0.00053982,0.00020185,0.00029576,0.00010776,,,2024-11-18
53,141,I,93,237,Np,0,0.000068561,0.000027807,0.000028988,0.000010308,,,2024-11-18
53,142,I,93,237,Np,0,0.0000039414,0.0000013712,0.0000015061,0.00000052835,,,2024-11-18
53,143,I,93,237,Np,0,0.00000018621,0.000000062537,0.000000054315,0.000000019204,,,2024-11-18
53,144,I,93,237,Np,0,0.0000000027453,0.0000000011031,0.00000000074866,0.00000000027117,,,2024-11-18
54,129,Xe,93,237,Np,0,0.00000000000048922,0.00000000000019076,0.0000000000032503,0.000000000001402,,,2024-11-18
54,129,Xe,93,237,Np,2,0.0000000000016006,0.00000000000062412,0.000000000012309,0.0000000000053095,,,2024-11-18
54,130,Xe,93,237,Np,0,0.00000000037827,0.00000000015676,0.000000001429,0.00000000062259,,,2024-11-18
54,131,Xe,93,237,Np,0,0.0000000094888,0.000000004293,0.00000002713,0.000000010089,,,2024-11-18
54,131,Xe,93,237,Np,2,0.000000022907,0.000000010364,0.00000007591,0.000000028229,,,2024-11-18
54,132,Xe,93,237,Np,0,0.00000081451,0.00000030657,0.0000019373,0.00000070329,,,2024-11-18
54,132,Xe,93,237,Np,30,0.00000092329,0.00000034751,0.0000025955,0.00000094221,,,2024-11-18
54,133,Xe,93,237,Np,0,0.000016666,0.0000056919,0.000029987,0.000010611,,,2024-11-18
54,133,Xe,93,237,Np,1,0.000040233,0.000013741,0.000083903,0.000029689,,,2024-11-18
54,134,Xe,93,237,Np,0,0.00024434,0.000087468,0.00041148,0.00014483,,,2024-11-18
54,134,Xe,93,237,Np,7,0.00057229,0.00020487,0.0011216,0.00039476,,,2024-11-18
54,135,Xe,93,237,Np,0,0.0014443,0.00058685,0.0019369,0.0006845,,,2024-11-18
54,135,Xe,93,237,Np,2,0.0034867,0.0014168,0.0054193,0.0019152,,,2024-11-18
54,136,Xe,93,237,Np,0,0.013876,0.0062375,0.021903,0.0055928,,,2024-11-18
54,137,Xe,93,237,Np,0,0.02433,0.007515,0.033064,0.0057053,,,2024-11-18
54,138,Xe,93,237,Np,0,0.042226,0.0049997,0.043225,0.0048816,,,2024-11-18
54,139,Xe,93,237,Np,0,0.034644,0.0071709,0.028445,0.0051582,,,2024-11-18
54,140,Xe,93,237,Np,0,0.024288,0.0055596,0.016366,0.0041861,,,2024-11-18
54,141,Xe,93,237,Np,0,0.0084609,0.0029421,0.0040797,0.0013457,,,2024-11-18
54,142,Xe,93,237,Np,0,0.0020932,0.0006938,0.00091837,0.00031503,,,2024-11-18
54,143,Xe,93,237,Np,0,0.000279,0.000093066,0.000095427,0.000033651,,,2024-11-18
54,144,Xe,93,237,Np,0,0.000019492,0.0000078274,0.0000062988,0.000002281,,,2024-11-18
54,145,Xe,93,237,Np,0,0.00000073421,0.00000031414,0.00000018375,0.000000067907,,,2024-11-18
54,146,Xe,93,237,Np,0,0.000000021859,0.0000000090536,0.0000000050013,0.000000001811,,,2024-11-18
54,147,Xe,93,237,Np,0,0.00000000031186,0.00000000011178,0.000000000048096,0.000000000016948,,,2024-11-18
55,132,Cs,93,237,Np,0,0.000000000079336,0.00000000002986,0.00000000043539,0.00000000015806,,,2024-11-18
55,133,Cs,93,237,Np,0,0.000000014061,0.0000000047999,0.000000059078,0.000000020926,,,2024-11-18
55,134,Cs,93,237,Np,0,0.00000041525,0.00000014763,0.0000014868,0.00000052988,,,2024-11-18
55,134,Cs,93,237,Np,3,0.00000030604,0.00000010881,0.0000013163,0.00000046914,,,2024-11-18
55,135,Cs,93,237,Np,0,0.000015745,0.000005951,0.000040524,0.000015217,,,2024-11-18
55,135,Cs,93,237,Np,10,0.0000096213,0.0000036366,0.00002999,0.000011262,,,2024-11-18
55,136,Cs,93,237,Np,0,0.00017769,0.000067899,0.00035936,0.00013106,,,2024-11-18
55,136,Cs,93,237,Np,2,0.00010414,0.000039792,0.00025694,0.000093702,,,2024-11-18
55,137,Cs,93,237,Np,0,0.0020515,0.0007326,0.0037395,0.0012943,,,2024-11-18
55,138,Cs,93,237,Np,0,0.0028434,0.00089071,0.0040997,0.0012929,,,2024-11-18
55,138,Cs,93,237,Np,3,0.0040348,0.0012639,0.0068563,0.0021623,,,2024-11-18
55,139,Cs,93,237,Np,0,0.020024,0.0054184,0.025252,0.0051213,,,2024-11-18
55,140,Cs,93,237,Np,0,0.031241,0.0056234,0.03388,0.0049195,,,2024-11-18
55,141,Cs,93,237,Np,0,0.042988,0.005721,0.033643,0.0048279,,,2024-11-18
55,142,Cs,93,237,Np,0,0.024188,0.0044673,0.018984,0.0039861,,,2024-11-18
55,143,Cs,93,237,Np,0,0.012246,0.0029667,0.0079349,0.0022643,,,2024-11-18
55,144,Cs,93,237,Np,0,0.0010451,0.00038939,0.00069225,0.00024042,,,2024-11-18
55,144,Cs,93,237,Np,4,0.0010451,0.00038939,0.00069225,0.00024042,,,2024-11-18
55,145,Cs,93,237,Np,0,0.00034167,0.00014396,0.0001819,0.00006674,,,2024-11-18
55,146,Cs,93,237,Np,0,0.000028608,0.000011829,0.000014122,0.0000051102,,,2024-11-18
55,147,Cs,93,237,Np,0,0.0000019784,0.00000070905,0.00000066375,0.00000023389,,,2024-11-18
55,148,Cs,93,237,Np,0,0.000000048781,0.000000019529,0.000000013765,0.0000000049165,,,2024-11-18
55,149,Cs,93,237,Np,0,0.0000000010459,0.00000000041381,0.00000000021284,0.000000000077044,,,2024-11-18
55,150,Cs,93,237,Np,0,0.0000000000080177,0.0000000000035667,0.0000000000015912,0.00000000000058837,,,2024-11-18
56,132,Ba,93,237,Np,0,0,0,0,0,,,2024-11-18
56,134,Ba,93,237,Np,0,0.000000000066571,0.000000000023668,0.00000000030191,0.0000000001076,,,2024-11-18
56,135,Ba,93,237,Np,0,0.000000002359,0.0000000008915,0.0000000068732,0.0000000025818,,,2024-11-18
56,135,Ba,93,237,Np,2,0.0000000056948,0.0000000021522,0.000000019231,0.0000000072236,,,2024-11-18
56,136,Ba,93,237,Np,0,0.00000013276,0.000000050705,0.00000030225,0.00000011062,,,2024-11-18
56,136,Ba,93,237,Np,5,0.00000031095,0.00000011877,0.00000082385,0.00000030153,,,2024-11-18
56,137,Ba,93,237,Np,0,0.0000027895,0.000001006,0.0000052902,0.0000018903,,,2024-11-18
56,137,Ba,93,237,Np,2,0.0000067343,0.0000024287,0.000014802,0.0000052888,,,2024-11-18
56,138,Ba,93,237,Np,0,0.00013955,0.000047736,0.00026124,0.000095361,,,2024-11-18
56,139,Ba,93,237,Np,0,0.0009983,0.0003889,0.0015367,0.00055458,,,2024-11-18
56,140,Ba,93,237,Np,0,0.0047846,0.0019988,0.0068574,0.0024399,,,2024-11-18
56,141,Ba,93,237,Np,0,0.0090437,0.0045379,0.013697,0.004004,,,2024-11-18
56,142,Ba,93,237,Np,0,0.021056,0.0048943,0.02677,0.0042202,,,2024-11-18
56,143,Ba,93,237,Np,0,0.029875,0.0044565,0.029474,0.0038034,,,2024-11-18
56,144,Ba,93,237,Np,0,0.023767,0.0051597,0.022648,0.0036867,,,2024-11-18
56,145,Ba,93,237,Np,0,0.010854,0.0037567,0.0077954,0.0022233,,,2024-11-18
56,146,Ba,93,237,Np,0,0.0043262,0.0015909,0.0025331,0.00083862,,,2024-11-18
56,147,Ba,93,237,Np,0,0.00086398,0.00030107,0.00033887,0.00011771,,,2024-11-18
56,148,Ba,93,237,Np,0,0.000098969,0.000039464,0.000033065,0.00001179,,,2024-11-18
56,149,Ba,93,237,Np,0,0.0000062293,0.000002464,0.0000015147,0.00000054824,,,2024-11-18
56,150,Ba,93,237,Np,0,0.00000022772,0.0000001013,0.000000054329,0.000000020089,,,2024-11-18
56,151,Ba,93,237,Np,0,0.0000000039257,0.0000000018197,0.00000000082324,0.0000000003073,,,2024-11-18
56,152,Ba,93,237,Np,0,0.000000000056114,0.000000000023469,0.0000000000092966,0.0000000000034292,,,2024-11-18
57,136,La,93,237,Np,0,0.0000000000046556,0.0000000000017781,0.000000000025342,0.000000000009275,,,2024-11-18
57,136,La,93,237,Np,9,0.0000000000046556,0.0000000000017781,0.000000000025342,0.000000000009275,,,2024-11-18
57,137,La,93,237,Np,0,0.00000000098114,0.00000000035377,0.0000000044292,0.0000000015824,,,2024-11-18
57,138,La,93,237,Np,0,0.000000043336,0.000000014795,0.00000017294,0.000000063067,,,2024-11-18
57,139,La,93,237,Np,0,0.0000014819,0.00000056717,0.0000047977,0.0000017286,,,2024-11-18
57,140,La,93,237,Np,0,0.000022896,0.0000087404,0.000063568,0.000023315,,,2024-11-18
57,141,La,93,237,Np,0,0.00025482,0.00010337,0.00053943,0.00019157,,,2024-11-18
57,142,La,93,237,Np,0,0.0013521,0.00045791,0.0025606,0.00087679,,,2024-11-18
57,143,La,93,237,Np,0,0.0069167,0.001976,0.0095364,0.0027793,,,2024-11-18
57,144,La,93,237,Np,0,0.012865,0.0035195,0.015989,0.0035127,,,2024-11-18
57,145,La,93,237,Np,0,0.021222,0.0040495,0.020661,0.0026798,,,2024-11-18
57,146,La,93,237,Np,0,0.0062245,0.0010931,0.0052894,0.00076778,,,2024-11-18
57,146,La,93,237,Np,1,0.011196,0.0019663,0.011097,0.0016107,,,2024-11-18
57,147,La,93,237,Np,0,0.013109,0.0024183,0.0088762,0.0018871,,,2024-11-18
57,148,La,93,237,Np,0,0.003466,0.0011387,0.0022238,0.00070767,,,2024-11-18
57,149,La,93,237,Np,0,0.00087347,0.00032614,0.00044095,0.00015506,,,2024-11-18
57,150,La,93,237,Np,0,0.000088294,0.000038892,0.000045254,0.000016668,,,2024-11-18
57,151,La,93,237,Np,0,0.0000070404,0.0000032592,0.0000032138,0.0000011992,,,2024-11-18
57,152,La,93,237,Np,0,0.0000002901,0.00000012132,0.00000010533,0.000000038852,,,2024-11-18
57,153,La,93,237,Np,0,0.0000000083696,0.0000000034548,0.0000000025375,0.0000000010725,,,2024-11-18
57,154,La,93,237,Np,0,0.00000000010609,0.000000000043531,0.000000000030745,0.00000000001128,,,2024-11-18
57,155,La,93,237,Np,0,0.0000000000010972,0.00000000000043634,,,,,2024-11-18
58,138,Ce,93,237,Np,0,0.00000000000041278,0.00000000000014092,0.0000000000017483,0.00000000000063756,,,2024-11-18
58,139,Ce,93,237,Np,0,0.000000000042104,0.000000000016114,0.0000000001447,0.000000000052136,,,2024-11-18
58,139,Ce,93,237,Np,2,0.00000000010165,0.000000000038902,0.00000000040488,0.00000000014587,,,2024-11-18
58,140,Ce,93,237,Np,0,0.000000010422,0.0000000039794,0.000000034062,0.000000012492,,,2024-11-18
58,141,Ce,93,237,Np,0,0.00000032857,0.0000001337,0.00000081699,0.00000029071,,,2024-11-18
58,142,Ce,93,237,Np,0,0.000007702,0.0000026806,0.00001732,0.0000060771,,,2024-11-18
58,143,Ce,93,237,Np,0,0.00010305,0.000034677,0.00017878,0.000063245,,,2024-11-18
58,144,Ce,93,237,Np,0,0.00072661,0.00029738,0.0012094,0.00043667,,,2024-11-18
58,145,Ce,93,237,Np,0,0.002457,0.0011404,0.0034979,0.0012233,,,2024-11-18
58,146,Ce,93,237,Np,0,0.0055793,0.0024106,0.0089042,0.0022088,,,2024-11-18
58,147,Ce,93,237,Np,0,0.01015,0.0025147,0.011521,0.0019702,,,2024-11-18
58,148,Ce,93,237,Np,0,0.012917,0.0025562,0.0116,0.0013419,,,2024-11-18
58,149,Ce,93,237,Np,0,0.008576,0.0020696,0.005731,0.0011451,,,2024-11-18
58,150,Ce,93,237,Np,0,0.004102,0.0013267,0.0024991,0.00072077,,,2024-11-18
58,151,Ce,93,237,Np,0,0.00094121,0.00039082,0.0004894,0.00017311,,,2024-11-18
58,152,Ce,93,237,Np,0,0.0001659,0.00006703,0.000070182,0.000025546,,,2024-11-18
58,153,Ce,93,237,Np,0,0.000013195,0.000005425,0.0000047656,0.0000020116,,,2024-11-18
58,154,Ce,93,237,Np,0,0.00000076196,0.00000031254,0.0000002653,0.000000097325,,,2024-11-18
58,155,Ce,93,237,Np,0,0.000000022877,0.0000000090974,0.00000000753,0.0000000031058,,,2024-11-18
58,156,Ce,93,237,Np,0,0.00000000049177,0.00000000019096,0.00000000016523,0.000000000067215,,,2024-11-18
58,157,Ce,93,237,Np,0,0.000000000004689,0.0000000000018394,0.0000000000014317,0.00000000000057589,,,2024-11-18
59,141,Pr,93,237,Np,0,0.0000000000090337,0.0000000000036759,0.000000000048539,0.000000000017271,,,2024-11-18
59,142,Pr,93,237,Np,0,0.00000000018598,0.000000000064717,0.00000000080815,0.00000000028351,,,2024-11-18
59,142,Pr,93,237,Np,1,0.00000000043562,0.00000000015158,0.0000000022029,0.00000000077279,,,2024-11-18
59,143,Pr,93,237,Np,0,0.00000003941,0.000000013235,0.00000014659,0.00000005183,,,2024-11-18
59,144,Pr,93,237,Np,0,0.000000084947,0.000000034131,0.00000026431,0.000000095729,,,2024-11-18
59,144,Pr,93,237,Np,1,0.00000075445,0.00000030313,0.0000026889,0.00000097387,,,2024-11-18
59,145,Pr,93,237,Np,0,0.000014374,0.0000061473,0.000039478,0.000014574,,,2024-11-18
59,146,Pr,93,237,Np,0,0.00010901,0.000044892,0.00027666,0.00009919,,,2024-11-18
59,147,Pr,93,237,Np,0,0.00083305,0.00028491,0.0014478,0.0004744,,,2024-11-18
59,148,Pr,93,237,Np,0,0.0019354,0.00065713,0.0028746,0.00080081,,,2024-11-18
59,149,Pr,93,237,Np,0,0.0062017,0.0014745,0.0062163,0.0011361,,,2024-11-18
59,150,Pr,93,237,Np,0,0.0062468,0.0013115,0.0060152,0.00085397,,,2024-11-18
59,151,Pr,93,237,Np,0,0.0052731,0.00095843,0.0044192,0.00060831,,,2024-11-18
59,152,Pr,93,237,Np,0,0.0019824,0.00051427,0.0015018,0.00037928,,,2024-11-18
59,153,Pr,93,237,Np,0,0.00056044,0.0001906,0.00040783,0.00015131,,,2024-11-18
59,154,Pr,93,237,Np,0,0.0000798,0.000031474,0.00005916,0.000021034,,,2024-11-18
59,155,Pr,93,237,Np,0,0.000010369,0.0000040918,0.0000073998,0.0000030367,,,2024-11-18
59,156,Pr,93,237,Np,0,0.00000062052,0.00000024077,0.00000045575,0.00000018532,,,2024-11-18
59,157,Pr,93,237,Np,0,0.000000026408,0.000000010359,0.000000017727,0.0000000071303,,,2024-11-18
59,158,Pr,93,237,Np,0,0.00000000050891,0.00000000020702,0.00000000031908,0.00000000012966,,,2024-11-18
59,159,Pr,93,237,Np,0,0.0000000000087694,0.000000000003489,0.0000000000047543,0.0000000000018717,,,2024-11-18
60,142,Nd,93,237,Np,0,0,0,0,0,,,2024-11-18
60,143,Nd,93,237,Np,0,0,0,0.0000000000042911,0.0000000000015172,,,2024-11-18
60,144,Nd,93,237,Np,0,0.00000000010081,0.000000000040505,0.00000000042147,0.00000000015266,,,2024-11-18
60,145,Nd,93,237,Np,0,0.000000005161,0.0000000022083,0.000000016782,0.0000000062019,,,2024-11-18
60,146,Nd,93,237,Np,0,0.00000017791,0.000000073689,0.00000053154,0.00000019248,,,2024-11-18
60,147,Nd,93,237,Np,0,0.0000039068,0.0000014012,0.0000079899,0.0000028157,,,2024-11-18
60,148,Nd,93,237,Np,0,0.000046938,0.000018927,0.000082205,0.000029344,,,2024-11-18
60,149,Nd,93,237,Np,0,0.0002759,0.00011412,0.00036752,0.0001319,,,2024-11-18
60,150,Nd,93,237,Np,0,0.00080056,0.00042809,0.0012952,0.00043169,,,2024-11-18
60,151,Nd,93,237,Np,0,0.0011271,0.00063602,0.0021146,0.00056309,,,2024-11-18
60,152,Nd,93,237,Np,0,0.0021222,0.00059255,0.0027561,0.00040476,,,2024-11-18
60,153,Nd,93,237,Np,0,0.0018294,0.00038649,0.0018903,0.00036239,,,2024-11-18
60,154,Nd,93,237,Np,0,0.0011067,0.00023301,0.0010756,0.00017399,,,2024-11-18
60,155,Nd,93,237,Np,0,0.00036473,0.00010929,0.00032583,0.00010762,,,2024-11-18
60,156,Nd,93,237,Np,0,0.000090631,0.000031568,0.000079918,0.000030166,,,2024-11-18
60,157,Nd,93,237,Np,0,0.000010214,0.0000039222,0.0000081398,0.0000032342,,,2024-11-18
60,158,Nd,93,237,Np,0,0.00000084796,0.00000034379,0.00000063544,0.00000025779,,,2024-11-18
60,159,Nd,93,237,Np,0,0.000000039953,0.00000001589,0.000000026054,0.000000010256,,,2024-11-18
60,160,Nd,93,237,Np,0,0.0000000013964,0.00000000054267,0.00000000079367,0.00000000030998,,,2024-11-18
60,161,Nd,93,237,Np,0,0.000000000022992,0.0000000000089214,0.00000000001097,0.0000000000043277,,,2024-11-18
61,146,Pm,93,237,Np,0,0.0000000000038975,0.0000000000016143,0.000000000025336,0.0000000000091743,,,2024-11-18
61,147,Pm,93,237,Np,0,0.00000000042076,0.00000000015082,0.0000000018669,0.00000000065786,,,2024-11-18
61,148,Pm,93,237,Np,0,0.0000000045975,0.0000000018406,0.00000001552,0.000000005543,,,2024-11-18
61,148,Pm,93,237,Np,-2,0.000000010768,0.0000000043112,0.000000042303,0.000000015109,,,2024-11-18
61,149,Pm,93,237,Np,0,0.00000043775,0.0000001732,0.0000011995,0.00000043433,,,2024-11-18
61,150,Pm,93,237,Np,0,0.000004533,0.0000020166,0.000012254,0.0000045425,,,2024-11-18
61,151,Pm,93,237,Np,0,0.000035623,0.000016469,0.000084242,0.00003188,,,2024-11-18
61,152,Pm,93,237,Np,0,0.000025451,0.000010333,0.000041189,0.000015336,,,2024-11-18
61,152,Pm,93,237,Np,4,0.000050823,0.000020634,0.000086593,0.000032242,,,2024-11-18
61,152,Pm,93,237,Np,14,0.000056215,0.000022823,0.00011311,0.000042116,,,2024-11-18
61,153,Pm,93,237,Np,0,0.00036205,0.00012852,0.00051155,0.0002,,,2024-11-18
61,154,Pm,93,237,Np,0,0.00023073,0.00007125,0.00033028,0.00008482,,,2024-11-18
61,155,Pm,93,237,Np,0,0.00051199,0.00011724,0.00077126,0.0001639,,,2024-11-18
61,156,Pm,93,237,Np,0,0.00027111,0.000063488,0.00046374,0.00011166,,,2024-11-18
61,157,Pm,93,237,Np,0,0.00011055,0.00003121,0.00018154,0.000053713,,,2024-11-18
61,158,Pm,93,237,Np,0,0.000022225,0.0000081764,0.000035099,0.000013054,,,2024-11-18
61,159,Pm,93,237,Np,0,0.0000042175,0.0000016125,0.0000058874,0.0000022513,,,2024-11-18
61,160,Pm,93,237,Np,0,0.00000038705,0.00000014919,0.00000047643,0.00000018519,,,2024-11-18
61,161,Pm,93,237,Np,0,0.000000027417,0.000000010624,0.000000028564,0.000000011262,,,2024-11-18
61,162,Pm,93,237,Np,0,0.00000000086412,0.00000000033661,0.00000000083246,0.00000000032616,,,2024-11-18
61,163,Pm,93,237,Np,0,0.00000000002081,0.0000000000082914,0.000000000018771,0.0000000000073921,,,2024-11-18
62,146,Sm,93,237,Np,0,0,0,0,0,,,2024-11-18
62,147,Sm,93,237,Np,0,0,0,0,0,,,2024-11-18
62,148,Sm,93,237,Np,0,0,0,0.0000000000023204,0.00000000000082874,,,2024-11-18
62,149,Sm,93,237,Np,0,0.000000000044135,0.000000000017463,0.00000000014488,0.000000000052443,,,2024-11-18
62,150,Sm,93,237,Np,0,0.0000000021744,0.00000000096731,0.0000000070341,0.000000002601,,,2024-11-18
62,151,Sm,93,237,Np,0,0.000000050164,0.000000023252,0.00000014383,0.000000053689,,,2024-11-18
62,152,Sm,93,237,Np,0,0.00000082061,0.00000034316,0.0000018743,0.00000069149,,,2024-11-18
62,153,Sm,93,237,Np,0,0.0000017294,0.00000071242,0.0000029819,0.0000012603,,,2024-11-18
62,153,Sm,93,237,Np,6,0.000004175,0.0000017199,0.0000083431,0.0000035261,,,2024-11-18
62,154,Sm,93,237,Np,0,0.000030523,0.000012338,0.000056337,0.000020403,,,2024-11-18
62,155,Sm,93,237,Np,0,0.000083201,0.000031153,0.00014696,0.000057021,,,2024-11-18
62,156,Sm,93,237,Np,0,0.00016188,0.000049376,0.00030031,0.000093633,,,2024-11-18
62,157,Sm,93,237,Np,0,0.00014307,0.000034429,0.00025339,0.000061305,,,2024-11-18
62,158,Sm,93,237,Np,0,0.000098709,0.0000176,0.00017068,0.000032512,,,2024-11-18
62,159,Sm,93,237,Np,0,0.000041337,0.0000082439,0.00006449,0.000015763,,,2024-11-18
62,160,Sm,93,237,Np,0,0.000014055,0.0000034989,0.000019752,0.000006009,,,2024-11-18
62,161,Sm,93,237,Np,0,0.0000024424,0.00000082785,0.0000029598,0.0000010927,,,2024-11-18
62,162,Sm,93,237,Np,0,0.00000031501,0.00000011816,0.0000003581,0.00000013789,,,2024-11-18
62,163,Sm,93,237,Np,0,0.000000020149,0.000000007983,0.000000021669,0.0000000085133,,,2024-11-18
62,164,Sm,93,237,Np,0,0.00000000097194,0.00000000039378,0.00000000096987,0.00000000038297,,,2024-11-18
62,165,Sm,93,237,Np,0,0.00000000002599,0.00000000001014,0.000000000021789,0.0000000000085335,,,2024-11-18
63,151,Eu,93,237,Np,0,0.0000000000015088,0.00000000000069936,0.00000000000949,0.0000000000035424,,,2024-11-18
63,152,Eu,93,237,Np,0,0.000000000030579,0.000000000012789,0.00000000014081,0.000000000051939,,,2024-11-18
63,152,Eu,93,237,Np,1,0.0000000000072831,0.000000000003046,0.000000000032174,0.000000000011868,,,2024-11-18
63,152,Eu,93,237,Np,16,0.000000000034105,0.000000000014264,0.0000000001865,0.000000000068793,,,2024-11-18
63,153,Eu,93,237,Np,0,0.0000000023729,0.0000000009795,0.000000009926,0.0000000041956,,,2024-11-18
63,154,Eu,93,237,Np,0,0.000000018189,0.0000000074633,0.000000066978,0.000000024574,,,2024-11-18
63,154,Eu,93,237,Np,13,0.000000016385,0.0000000067227,0.000000072212,0.000000026495,,,2024-11-18
63,155,Eu,93,237,Np,0,0.00000041135,0.00000016354,0.0000015735,0.00000064867,,,2024-11-18
63,156,Eu,93,237,Np,0,0.0000020833,0.00000080698,0.000008214,0.0000033242,,,2024-11-18
63,157,Eu,93,237,Np,0,0.0000071846,0.0000027739,0.000026133,0.000010172,,,2024-11-18
63,158,Eu,93,237,Np,0,0.000011404,0.0000044176,0.000039515,0.000014551,,,2024-11-18
63,159,Eu,93,237,Np,0,0.000016554,0.0000055112,0.000051086,0.000014416,,,2024-11-18
63,160,Eu,93,237,Np,0,0.000011971,0.0000032825,0.000033339,0.0000075572,,,2024-11-18
63,161,Eu,93,237,Np,0,0.0000071435,0.0000015356,0.000017403,0.0000035725,,,2024-11-18
63,162,Eu,93,237,Np,0,0.0000020702,0.00000058212,0.0000048301,0.0000013912,,,2024-11-18
63,163,Eu,93,237,Np,0,0.00000050084,0.00000016959,0.0000011289,0.00000038556,,,2024-11-18
63,164,Eu,93,237,Np,0,0.000000060365,0.000000023417,0.00000012845,0.000000048981,,,2024-11-18
63,165,Eu,93,237,Np,0,0.0000000066984,0.0000000025772,0.00000001213,0.0000000047114,,,2024-11-18
63,166,Eu,93,237,Np,0,0.00000000034737,0.00000000013304,0.0000000005612,0.00000000021827,,,2024-11-18
63,167,Eu,93,237,Np,0,0.000000000012796,0.0000000000049663,0.000000000018846,0.0000000000073529,,,2024-11-18
64,152,Gd,93,237,Np,0,0,0,0,0,,,2024-11-18
64,154,Gd,93,237,Np,0,0.0000000000042018,0.0000000000017241,0.000000000020378,0.0000000000074766,,,2024-11-18
64,155,Gd,93,237,Np,0,0.00000000004245,0.000000000016882,0.00000000017511,0.000000000072223,,,2024-11-18
64,155,Gd,93,237,Np,6,0.00000000010248,0.000000000040754,0.00000000048994,0.00000000020208,,,2024-11-18
64,156,Gd,93,237,Np,0,0.0000000032923,0.0000000012784,0.000000015468,0.0000000062924,,,2024-11-18
64,157,Gd,93,237,Np,0,0.000000030817,0.000000012088,0.00000013226,0.000000053192,,,2024-11-18
64,158,Gd,93,237,Np,0,0.00000020425,0.000000083021,0.00000082264,0.00000033366,,,2024-11-18
64,159,Gd,93,237,Np,0,0.00000073764,0.00000029151,0.0000025944,0.0000010088,,,2024-11-18
64,160,Gd,93,237,Np,0,0.0000020075,0.00000074661,0.0000062308,0.0000022783,,,2024-11-18
64,161,Gd,93,237,Np,0,0.0000026791,0.00000089433,0.0000071403,0.0000023584,,,2024-11-18
64,162,Gd,93,237,Np,0,0.0000026588,0.00000064253,0.0000067338,0.0000015816,,,2024-11-18
64,163,Gd,93,237,Np,0,0.000001369,0.00000026776,0.0000033699,0.00000067711,,,2024-11-18
64,164,Gd,93,237,Np,0,0.00000057399,0.0000001033,0.0000013571,0.00000028489,,,2024-11-18
64,165,Gd,93,237,Np,0,0.00000014599,0.000000036004,0.00000030011,0.00000009057,,,2024-11-18
64,166,Gd,93,237,Np,0,0.000000029221,0.0000000090247,0.000000054664,0.000000019085,,,2024-11-18
64,167,Gd,93,237,Np,0,0.000000002735,0.0000000010098,0.0000000047377,0.0000000018057,,,2024-11-18
64,168,Gd,93,237,Np,0,0.00000000019006,0.000000000075379,0.00000000032039,0.00000000012697,,,2024-11-18
64,169,Gd,93,237,Np,0,0.0000000000071649,0.0000000000028705,0.000000000011238,0.0000000000044071,,,2024-11-18
65,157,Tb,93,237,Np,0,0.0000000000029449,0.0000000000011552,0.000000000027741,0.000000000011158,,,2024-11-18
65,158,Tb,93,237,Np,0,0.000000000048959,0.000000000019916,0.00000000043588,0.00000000017712,,,2024-11-18
65,158,Tb,93,237,Np,3,0.0000000000055126,0.0000000000022425,0.000000000042846,0.00000000001741,,,2024-11-18
65,159,Tb,93,237,Np,0,0.00000000085153,0.00000000033879,0.0000000064795,0.0000000025508,,,2024-11-18
65,160,Tb,93,237,Np,0,0.0000000061388,0.0000000023854,0.000000040726,0.0000000159,,,2024-11-18
65,161,Tb,93,237,Np,0,0.000000033402,0.00000001294,0.00000018713,0.000000073533,,,2024-11-18
65,162,Tb,93,237,Np,0,0.000000080952,0.000000031241,0.00000042216,0.00000016205,,,2024-11-18
65,163,Tb,93,237,Np,0,0.00000015364,0.000000058548,0.00000076237,0.00000027397,,,2024-11-18
65,164,Tb,93,237,Np,0,0.00000014156,0.000000051395,0.00000066449,0.00000021138,,,2024-11-18
65,165,Tb,93,237,Np,0,0.00000012235,0.000000033646,0.00000049795,0.00000011135,,,2024-11-18
65,166,Tb,93,237,Np,0,0.000000052411,0.000000012199,0.00000019623,0.000000041646,,,2024-11-18
65,167,Tb,93,237,Np,0,0.000000017349,0.0000000042318,0.000000061339,0.000000015251,,,2024-11-18
65,168,Tb,93,237,Np,0,0.0000000028211,0.00000000095529,0.0000000099166,0.0000000033943,,,2024-11-18
65,169,Tb,93,237,Np,0,0.00000000041841,0.00000000015604,0.000000001394,0.00000000051586,,,2024-11-18
65,170,Tb,93,237,Np,0,0.000000000030524,0.000000000011863,0.000000000094432,0.000000000036342,,,2024-11-18
65,171,Tb,93,237,Np,0,0.0000000000018647,0.0000000000007205,0.0000000000049504,0.0000000000019505,,,2024-11-18
66,158,Dy,93,237,Np,0,0,0,0,0,,,2024-11-18
66,160,Dy,93,237,Np,0,0.0000000000020969,0.00000000000081492,0.000000000016722,0.0000000000065311,,,2024-11-18
66,161,Dy,93,237,Np,0,0.000000000031347,0.000000000012164,0.00000000020966,0.00000000008271,,,2024-11-18
66,162,Dy,93,237,Np,0,0.00000000032614,0.00000000012705,0.0000000020105,0.00000000078766,,,2024-11-18
66,163,Dy,93,237,Np,0,0.0000000016205,0.00000000064536,0.0000000093751,0.0000000036882,,,2024-11-18
66,164,Dy,93,237,Np,0,0.0000000059905,0.0000000024185,0.000000032191,0.000000012606,,,2024-11-18
66,165,Dy,93,237,Np,0,0.000000010752,0.0000000040869,0.000000049891,0.000000018777,,,2024-11-18
66,165,Dy,93,237,Np,2,0.0000000016437,0.00000000062477,0.0000000066428,0.0000000025,,,2024-11-18
66,166,Dy,93,237,Np,0,0.000000019179,0.0000000064537,0.000000078889,0.000000026015,,,2024-11-18
66,167,Dy,93,237,Np,0,0.000000013748,0.00000000385,0.000000052808,0.000000014404,,,2024-11-18
66,168,Dy,93,237,Np,0,0.0000000075751,0.0000000014695,0.000000029002,0.0000000056389,,,2024-11-18
66,169,Dy,93,237,Np,0,0.0000000024296,0.00000000045037,0.0000000089483,0.0000000018972,,,2024-11-18
66,170,Dy,93,237,Np,0,0.00000000063877,0.00000000013546,0.000000002231,0.000000000586,,,2024-11-18
66,171,Dy,93,237,Np,0,0.000000000093217,0.000000000028534,0.00000000028524,0.000000000099821,,,2024-11-18
66,172,Dy,93,237,Np,0,0.000000000010275,0.0000000000036401,0.000000000029914,0.000000000011186,,,2024-11-18
67,164,Ho,93,237,Np,0,0.0000000000012028,0.00000000000048764,0.000000000012574,0.0000000000049665,,,2024-11-18
67,164,Ho,93,237,Np,3,0.0000000000028173,0.0000000000011422,0.000000000034275,0.000000000013538,,,2024-11-18
67,165,Ho,93,237,Np,0,0.000000000035377,0.000000000013802,0.00000000034596,0.00000000013546,,,2024-11-18
67,166,Ho,93,237,Np,0,0.000000000042304,0.000000000016223,0.00000000032959,0.00000000012804,,,2024-11-18
67,166,Ho,93,237,Np,1,0.000000000099086,0.000000000037999,0.0000000008984,0.00000000034901,,,2024-11-18
67,167,Ho,93,237,Np,0,0.00000000039957,0.00000000015402,0.0000000031772,0.0000000012205,,,2024-11-18
67,168,Ho,93,237,Np,0,0.00000000021347,0.00000000008323,0.0000000014988,0.00000000056429,,,2024-11-18
67,168,Ho,93,237,Np,1,0.0000000003029,0.0000000001181,0.0000000025066,0.00000000094371,,,2024-11-18
67,169,Ho,93,237,Np,0,0.00000000058686,0.00000000021185,0.0000000043038,0.0000000013712,,,2024-11-18
67,170,Ho,93,237,Np,0,0.00000000023163,0.000000000072778,0.0000000016711,0.00000000043262,,,2024-11-18
67,170,Ho,93,237,Np,1,0.000000000098892,0.000000000031072,0.00000000061308,0.00000000015872,,,2024-11-18
67,171,Ho,93,237,Np,0,0.00000000016381,0.000000000036897,0.00000000099937,0.00000000019729,,,2024-11-18
67,172,Ho,93,237,Np,0,0.00000000003961,0.0000000000097465,0.0000000002341,0.000000000058085,,,2024-11-18
67,173,Ho,93,237,Np,0,0.0000000000075584,0.0000000000022816,0.000000000044822,0.000000000013808,,,2024-11-18
68,164,Er,93,237,Np,0,0,0,0,0,,,2024-11-18
68,166,Er,93,237,Np,0,0,0,0.0000000000012731,0.00000000000049563,,,2024-11-18
68,167,Er,93,237,Np,0,0,0,0.0000000000078031,0.0000000000030446,,,2024-11-18
68,167,Er,93,237,Np,3,0,0,0.0000000000010389,0.00000000000040537,,,2024-11-18
68,168,Er,93,237,Np,0,0.0000000000050996,0.0000000000020417,0.0000000000463,0.000000000018415,,,2024-11-18
68,169,Er,93,237,Np,0,0.000000000014751,0.0000000000059024,0.00000000012446,0.000000000048589,,,2024-11-18
68,170,Er,93,237,Np,0,0.000000000032134,0.000000000012477,0.00000000025022,0.0000000000944,,,2024-11-18
68,171,Er,93,237,Np,0,0.000000000036589,0.000000000013099,0.00000000024632,0.000000000087788,,,2024-11-18
68,172,Er,93,237,Np,0,0.000000000030827,0.0000000000087188,0.00000000019827,0.000000000054406,,,2024-11-18
68,173,Er,93,237,Np,0,0.000000000012523,0.0000000000027847,0.000000000080726,0.000000000017696,,,2024-11-18
68,174,Er,93,237,Np,0,0.000000000004071,0.00000000000071452,0.000000000026618,0.0000000000050749,,,2024-11-18
69,169,Tm,93,237,Np,0,0,0,0,0,,,2024-11-18
69,171,Tm,93,237,Np,0,0,0,0.0000000000036195,0.0000000000014268,,,2024-11-18
69,172,Tm,93,237,Np,0,0,0,0.000000000007158,0.0000000000027589,,,2024-11-18
69,173,Tm,93,237,Np,0,0,0,0.000000000010813,0.0000000000040352,,,2024-11-18
69,174,Tm,93,237,Np,0,0,0,0.0000000000078759,0.0000000000027596,,,2024-11-18
70,171,Yb,93,237,Np,0,0,0,0,0,,,2024-11-18
70,172,Yb,93,237,Np,0,0,0,0,0,,,2024-11-18
70,173,Yb,93,237,Np,0,0,0,0,0,,,2024-11-18
33,92,As,93,237,Np,0,,,0.0000000000035321,0.0000000000012944,,,2024-11-18
36,100,Kr,93,237,Np,0,,,0.0000000000012303,0.00000000000043656,,,2024-11-18
38,105,Sr,93,237,Np,0,,,0.0000000000010246,0.0000000000003623,,,2024-11-18
39,107,Y,93,237,Np,0,,,0.0000000000025255,0.00000000000097475,,,2024-11-18
40,108,Zr,93,237,Np,0,,,0.0000000000014295,0.00000000000058404,,,2024-11-18
47,110,Ag,93,237,Np,0,,,0.0000000000013246,0.00000000000051914,,,2024-11-18
47,128,Ag,93,237,Np,0,,,0.0000000000016979,0.0000000000007164,,,2024-11-18
49,114,In,93,237,Np,0,,,0.00000000000024813,0.000000000000097984,,,2024-11-18
50,114,Sn,93,237,Np,0,,,0,0,,,2024-11-18
53,128,I,93,237,Np,0,,,0.0000000000014952,0.00000000000063089,,,2024-11-18
54,128,Xe,93,237,Np,0,,,0,0,,,2024-11-18
55,131,Cs,93,237,Np,0,,,0.0000000000030763,0.000000000001144,,,2024-11-18
56,133,Ba,93,237,Np,0,,,0.00000000000022655,0.000000000000080245,,,2024-11-18
58,138,Ce,93,237,Np,5,,,0.0000000000047654,0.0000000000017378,,,2024-11-18
66,173,Dy,93,237,Np,0,,,0.0000000000015242,0.00000000000059304,,,2024-11-18
67,163,Ho,93,237,Np,0,,,0.0000000000044464,0.0000000000017511,,,2024-11-18
67,174,Ho,93,237,Np,0,,,0.0000000000042678,0.0000000000015935,,,2024-11-18
68,175,Er,93,237,Np,0,,,0.0000000000049602,0.0000000000012952,,,2024-11-18
69,175,Tm,93,237,Np,0,,,0.0000000000049971,0.0000000000012988,,,2024-11-18
69,176,Tm,93,237,Np,0,,,0.0000000000016278,0.00000000000035113,,,2024-11-18
70,174,Yb,93,237,Np,0,,,0,0,,,2024-11-18
70,175,Yb,93,237,Np,0,,,0,0,,,2024-11-18
70,175,Yb,93,237,Np,7,,,0,0,,,2024-11-18
70,176,Yb,93,237,Np,0,,,0,0,,,2024-11-18

